{"name":"\u516c\u53f8\u7ba1\u7406\u5458","usertype":9,"pseid":"\u516c\u53f8\u7ba1\u7406\u5458","children":[{"name":"1","size":1,"usertype":3,"pseid":"\u516c\u53f8\u7ba1\u7406\u5458","children":[{"name":"4","size":2,"usertype":3,"pseid":"\u516c\u53f8\u7ba1\u7406\u5458","children":[{"name":"13","size":3,"usertype":1,"pseid":1,"children":[{"name":"40","size":4,"usertype":1,"pseid":23,"children":[{"name":"121","size":5,"usertype":2,"pseid":109,"children":[{"name":"364","size":6,"usertype":1,"pseid":159,"children":[{"name":1093,"size":7,"pseid":"\u65e0"},{"name":1094,"size":7,"pseid":"\u65e0"},{"name":1095,"size":7,"pseid":"\u65e0"}]},{"name":"365","size":6,"usertype":1,"pseid":239,"children":[{"name":1096,"size":7,"pseid":"\u65e0"},{"name":1097,"size":7,"pseid":"\u65e0"},{"name":1098,"size":7,"pseid":"\u65e0"}]},{"name":"366","size":6,"usertype":1,"pseid":239,"children":[{"name":1099,"size":7,"pseid":"\u65e0"},{"name":1100,"size":7,"pseid":"\u65e0"},{"name":1101,"size":7,"pseid":"\u65e0"}]}]},{"name":"122","size":5,"usertype":2,"pseid":12,"children":[{"name":"367","size":6,"usertype":2,"pseid":345,"children":[{"name":1102,"size":7,"pseid":"\u65e0"},{"name":1103,"size":7,"pseid":"\u65e0"},{"name":1104,"size":7,"pseid":"\u65e0"}]},{"name":"368","size":6,"usertype":1,"pseid":37,"children":[{"name":1105,"size":7,"pseid":"\u65e0"},{"name":1106,"size":7,"pseid":"\u65e0"},{"name":1107,"size":7,"pseid":"\u65e0"}]},{"name":"369","size":6,"usertype":1,"pseid":11,"children":[{"name":1108,"size":7,"pseid":"\u65e0"},{"name":1109,"size":7,"pseid":"\u65e0"},{"name":1110,"size":7,"pseid":"\u65e0"}]}]},{"name":"123","size":5,"usertype":1,"pseid":17,"children":[{"name":"370","size":6,"usertype":1,"pseid":187,"children":[{"name":1111,"size":7,"pseid":"\u65e0"},{"name":1112,"size":7,"pseid":"\u65e0"},{"name":1113,"size":7,"pseid":"\u65e0"}]},{"name":"371","size":6,"usertype":1,"pseid":37,"children":[{"name":1114,"size":7,"pseid":"\u65e0"},{"name":1115,"size":7,"pseid":"\u65e0"},{"name":1116,"size":7,"pseid":"\u65e0"}]},{"name":"372","size":6,"usertype":1,"pseid":38,"children":[{"name":1117,"size":7,"pseid":"\u65e0"},{"name":1118,"size":7,"pseid":"\u65e0"},{"name":1119,"size":7,"pseid":"\u65e0"}]}]}]},{"name":"41","size":4,"usertype":2,"pseid":23,"children":[{"name":"124","size":5,"usertype":1,"pseid":17,"children":[{"name":"373","size":6,"usertype":1,"pseid":16,"children":[{"name":1120,"size":7,"pseid":"\u65e0"},{"name":1121,"size":7,"pseid":"\u65e0"},{"name":1122,"size":7,"pseid":"\u65e0"}]},{"name":"374","size":6,"usertype":1,"pseid":19,"children":[{"name":1123,"size":7,"pseid":"\u65e0"},{"name":1124,"size":7,"pseid":"\u65e0"},{"name":1125,"size":7,"pseid":"\u65e0"}]},{"name":"375","size":6,"usertype":1,"pseid":295,"children":[{"name":1126,"size":7,"pseid":"\u65e0"},{"name":1127,"size":7,"pseid":"\u65e0"},{"name":1128,"size":7,"pseid":"\u65e0"}]}]},{"name":"125","size":5,"usertype":1,"pseid":17,"children":[{"name":"376","size":6,"usertype":1,"pseid":97,"children":[{"name":1129,"size":7,"pseid":"\u65e0"},{"name":1130,"size":7,"pseid":"\u65e0"},{"name":1131,"size":7,"pseid":"\u65e0"}]},{"name":"377","size":6,"usertype":2,"pseid":143,"children":[{"name":1132,"size":7,"pseid":"\u65e0"},{"name":1133,"size":7,"pseid":"\u65e0"},{"name":1134,"size":7,"pseid":"\u65e0"}]},{"name":"378","size":6,"usertype":2,"pseid":377,"children":[{"name":1135,"size":7,"pseid":"\u65e0"},{"name":1136,"size":7,"pseid":"\u65e0"},{"name":1137,"size":7,"pseid":"\u65e0"}]}]},{"name":"126","size":5,"usertype":1,"pseid":17,"children":[{"name":"379","size":6,"usertype":1,"pseid":376,"children":[{"name":1138,"size":7,"pseid":"\u65e0"},{"name":1139,"size":7,"pseid":"\u65e0"},{"name":1140,"size":7,"pseid":"\u65e0"}]},{"name":"380","size":6,"usertype":1,"pseid":376,"children":[{"name":1141,"size":7,"pseid":"\u65e0"},{"name":1142,"size":7,"pseid":"\u65e0"},{"name":1143,"size":7,"pseid":"\u65e0"}]},{"name":"381","size":6,"usertype":1,"pseid":37,"children":[{"name":1144,"size":7,"pseid":"\u65e0"},{"name":1145,"size":7,"pseid":"\u65e0"},{"name":1146,"size":7,"pseid":"\u65e0"}]}]}]},{"name":"42","size":4,"usertype":3,"pseid":23,"children":[{"name":"127","size":5,"usertype":1,"pseid":17,"children":[{"name":"382","size":6,"usertype":1,"pseid":37,"children":[{"name":1147,"size":7,"pseid":"\u65e0"},{"name":1148,"size":7,"pseid":"\u65e0"},{"name":1149,"size":7,"pseid":"\u65e0"}]},{"name":"383","size":6,"usertype":1,"pseid":37,"children":[{"name":1150,"size":7,"pseid":"\u65e0"},{"name":1151,"size":7,"pseid":"\u65e0"},{"name":1152,"size":7,"pseid":"\u65e0"}]},{"name":"384","size":6,"usertype":1,"pseid":37,"children":[{"name":1153,"size":7,"pseid":"\u65e0"},{"name":1154,"size":7,"pseid":"\u65e0"},{"name":1155,"size":7,"pseid":"\u65e0"}]}]},{"name":"128","size":5,"usertype":1,"pseid":17,"children":[{"name":"385","size":6,"usertype":2,"pseid":115,"children":[{"name":1156,"size":7,"pseid":"\u65e0"},{"name":1157,"size":7,"pseid":"\u65e0"},{"name":1158,"size":7,"pseid":"\u65e0"}]},{"name":"386","size":6,"usertype":3,"pseid":38,"children":[{"name":1159,"size":7,"pseid":"\u65e0"},{"name":1160,"size":7,"pseid":"\u65e0"},{"name":1161,"size":7,"pseid":"\u65e0"}]},{"name":"387","size":6,"usertype":1,"pseid":38,"children":[{"name":1162,"size":7,"pseid":"\u65e0"},{"name":1163,"size":7,"pseid":"\u65e0"},{"name":1164,"size":7,"pseid":"\u65e0"}]}]},{"name":"129","size":5,"usertype":1,"pseid":17,"children":[{"name":"388","size":6,"usertype":1,"pseid":152,"children":[{"name":1165,"size":7,"pseid":"\u65e0"},{"name":1166,"size":7,"pseid":"\u65e0"},{"name":1167,"size":7,"pseid":"\u65e0"}]},{"name":"389","size":6,"usertype":1,"pseid":152,"children":[{"name":1168,"size":7,"pseid":"\u65e0"},{"name":1169,"size":7,"pseid":"\u65e0"},{"name":1170,"size":7,"pseid":"\u65e0"}]},{"name":"390","size":6,"usertype":1,"pseid":152,"children":[{"name":1171,"size":7,"pseid":"\u65e0"},{"name":1172,"size":7,"pseid":"\u65e0"},{"name":1173,"size":7,"pseid":"\u65e0"}]}]}]}]},{"name":"14","size":3,"usertype":1,"pseid":13,"children":[{"name":"43","size":4,"usertype":1,"pseid":42,"children":[{"name":"130","size":5,"usertype":1,"pseid":17,"children":[{"name":"391","size":6,"usertype":1,"pseid":152,"children":[{"name":1174,"size":7,"pseid":"\u65e0"},{"name":1175,"size":7,"pseid":"\u65e0"},{"name":1176,"size":7,"pseid":"\u65e0"}]},{"name":"392","size":6,"usertype":1,"pseid":152,"children":[{"name":1177,"size":7,"pseid":"\u65e0"},{"name":1178,"size":7,"pseid":"\u65e0"},{"name":1179,"size":7,"pseid":"\u65e0"}]},{"name":"393","size":6,"usertype":1,"pseid":152,"children":[{"name":1180,"size":7,"pseid":"\u65e0"},{"name":1181,"size":7,"pseid":"\u65e0"},{"name":1182,"size":7,"pseid":"\u65e0"}]}]},{"name":"131","size":5,"usertype":1,"pseid":17,"children":[{"name":"394","size":6,"usertype":1,"pseid":152,"children":[{"name":1183,"size":7,"pseid":"\u65e0"},{"name":1184,"size":7,"pseid":"\u65e0"},{"name":1185,"size":7,"pseid":"\u65e0"}]},{"name":"395","size":6,"usertype":2,"pseid":35,"children":[{"name":1186,"size":7,"pseid":"\u65e0"},{"name":1187,"size":7,"pseid":"\u65e0"},{"name":1188,"size":7,"pseid":"\u65e0"}]},{"name":"396","size":6,"usertype":1,"pseid":35,"children":[{"name":1189,"size":7,"pseid":"\u65e0"},{"name":1190,"size":7,"pseid":"\u65e0"},{"name":1191,"size":7,"pseid":"\u65e0"}]}]},{"name":"132","size":5,"usertype":1,"pseid":14,"children":[{"name":"397","size":6,"usertype":1,"pseid":35,"children":[{"name":1192,"size":7,"pseid":"\u65e0"},{"name":1193,"size":7,"pseid":"\u65e0"},{"name":1194,"size":7,"pseid":"\u65e0"}]},{"name":"398","size":6,"usertype":1,"pseid":35,"children":[{"name":1195,"size":7,"pseid":"\u65e0"},{"name":1196,"size":7,"pseid":"\u65e0"},{"name":1197,"size":7,"pseid":"\u65e0"}]},{"name":"399","size":6,"usertype":1,"pseid":35,"children":[{"name":1198,"size":7,"pseid":"\u65e0"},{"name":1199,"size":7,"pseid":"\u65e0"},{"name":1200,"size":7,"pseid":"\u65e0"}]}]}]},{"name":"44","size":4,"usertype":1,"pseid":18,"children":[{"name":"133","size":5,"usertype":1,"pseid":9,"children":[{"name":"400","size":6,"usertype":1,"pseid":35,"children":[{"name":1201,"size":7,"pseid":"\u65e0"},{"name":1202,"size":7,"pseid":"\u65e0"},{"name":1203,"size":7,"pseid":"\u65e0"}]},{"name":"401","size":6,"usertype":1,"pseid":143,"children":[{"name":1204,"size":7,"pseid":"\u65e0"},{"name":1205,"size":7,"pseid":"\u65e0"},{"name":1206,"size":7,"pseid":"\u65e0"}]},{"name":"402","size":6,"usertype":1,"pseid":143,"children":[{"name":1207,"size":7,"pseid":"\u65e0"},{"name":1208,"size":7,"pseid":"\u65e0"},{"name":1209,"size":7,"pseid":"\u65e0"}]}]},{"name":"134","size":5,"usertype":1,"pseid":9,"children":[{"name":"403","size":6,"usertype":1,"pseid":143,"children":[{"name":1210,"size":7,"pseid":"\u65e0"},{"name":1211,"size":7,"pseid":"\u65e0"},{"name":1212,"size":7,"pseid":"\u65e0"}]},{"name":"404","size":6,"usertype":1,"pseid":143,"children":[{"name":1213,"size":7,"pseid":"\u65e0"},{"name":1214,"size":7,"pseid":"\u65e0"},{"name":1215,"size":7,"pseid":"\u65e0"}]},{"name":"405","size":6,"usertype":1,"pseid":143,"children":[{"name":1216,"size":7,"pseid":"\u65e0"},{"name":1217,"size":7,"pseid":"\u65e0"},{"name":1218,"size":7,"pseid":"\u65e0"}]}]},{"name":"135","size":5,"usertype":1,"pseid":65,"children":[{"name":"406","size":6,"usertype":1,"pseid":143,"children":[{"name":1219,"size":7,"pseid":"\u65e0"},{"name":1220,"size":7,"pseid":"\u65e0"},{"name":1221,"size":7,"pseid":"\u65e0"}]},{"name":"407","size":6,"usertype":1,"pseid":143,"children":[{"name":1222,"size":7,"pseid":"\u65e0"},{"name":1223,"size":7,"pseid":"\u65e0"},{"name":1224,"size":7,"pseid":"\u65e0"}]},{"name":"408","size":6,"usertype":1,"pseid":143,"children":[{"name":1225,"size":7,"pseid":"\u65e0"},{"name":1226,"size":7,"pseid":"\u65e0"},{"name":1227,"size":7,"pseid":"\u65e0"}]}]}]},{"name":"45","size":4,"usertype":1,"pseid":18,"children":[{"name":"136","size":5,"usertype":1,"pseid":7,"children":[{"name":"409","size":6,"usertype":1,"pseid":143,"children":[{"name":1228,"size":7,"pseid":"\u65e0"},{"name":1229,"size":7,"pseid":"\u65e0"},{"name":1230,"size":7,"pseid":"\u65e0"}]},{"name":"410","size":6,"usertype":1,"pseid":143,"children":[{"name":1231,"size":7,"pseid":"\u65e0"},{"name":1232,"size":7,"pseid":"\u65e0"},{"name":1233,"size":7,"pseid":"\u65e0"}]},{"name":"411","size":6,"usertype":2,"pseid":42,"children":[{"name":1234,"size":7,"pseid":"\u65e0"},{"name":1235,"size":7,"pseid":"\u65e0"},{"name":1236,"size":7,"pseid":"\u65e0"}]}]},{"name":"137","size":5,"usertype":1,"pseid":7,"children":[{"name":"412","size":6,"usertype":1,"pseid":42,"children":[{"name":1237,"size":7,"pseid":"\u65e0"},{"name":1238,"size":7,"pseid":"\u65e0"},{"name":1239,"size":7,"pseid":"\u65e0"}]},{"name":"413","size":6,"usertype":1,"pseid":42,"children":[{"name":1240,"size":7,"pseid":"\u65e0"},{"name":1241,"size":7,"pseid":"\u65e0"},{"name":1242,"size":7,"pseid":"\u65e0"}]},{"name":"414","size":6,"usertype":1,"pseid":42,"children":[{"name":1243,"size":7,"pseid":"\u65e0"},{"name":1244,"size":7,"pseid":"\u65e0"},{"name":1245,"size":7,"pseid":"\u65e0"}]}]},{"name":"138","size":5,"usertype":1,"pseid":7,"children":[{"name":"415","size":6,"usertype":1,"pseid":42,"children":[{"name":1246,"size":7,"pseid":"\u65e0"},{"name":1247,"size":7,"pseid":"\u65e0"},{"name":1248,"size":7,"pseid":"\u65e0"}]},{"name":"416","size":6,"usertype":1,"pseid":42,"children":[{"name":1249,"size":7,"pseid":"\u65e0"},{"name":1250,"size":7,"pseid":"\u65e0"},{"name":1251,"size":7,"pseid":"\u65e0"}]},{"name":"417","size":6,"usertype":1,"pseid":42,"children":[{"name":1252,"size":7,"pseid":"\u65e0"},{"name":1253,"size":7,"pseid":"\u65e0"},{"name":1254,"size":7,"pseid":"\u65e0"}]}]}]}]},{"name":"15","size":3,"usertype":1,"pseid":14,"children":[{"name":"46","size":4,"usertype":1,"pseid":18,"children":[{"name":"139","size":5,"usertype":1,"pseid":7,"children":[{"name":"418","size":6,"usertype":1,"pseid":42,"children":[{"name":1255,"size":7,"pseid":"\u65e0"},{"name":1256,"size":7,"pseid":"\u65e0"},{"name":1257,"size":7,"pseid":"\u65e0"}]},{"name":"419","size":6,"usertype":1,"pseid":42,"children":[{"name":1258,"size":7,"pseid":"\u65e0"},{"name":1259,"size":7,"pseid":"\u65e0"},{"name":1260,"size":7,"pseid":"\u65e0"}]},{"name":"420","size":6,"usertype":1,"pseid":42,"children":[{"name":1261,"size":7,"pseid":"\u65e0"},{"name":1262,"size":7,"pseid":"\u65e0"},{"name":1263,"size":7,"pseid":"\u65e0"}]}]},{"name":"140","size":5,"usertype":1,"pseid":7,"children":[{"name":"421","size":6,"usertype":1,"pseid":42,"children":[{"name":1264,"size":7,"pseid":"\u65e0"},{"name":1265,"size":7,"pseid":"\u65e0"},{"name":1266,"size":7,"pseid":"\u65e0"}]},{"name":"422","size":6,"usertype":2,"pseid":340,"children":[{"name":1267,"size":7,"pseid":"\u65e0"},{"name":1268,"size":7,"pseid":"\u65e0"},{"name":1269,"size":7,"pseid":"\u65e0"}]},{"name":"423","size":6,"usertype":1,"pseid":340,"children":[{"name":1270,"size":7,"pseid":"\u65e0"},{"name":1271,"size":7,"pseid":"\u65e0"},{"name":1272,"size":7,"pseid":"\u65e0"}]}]},{"name":"141","size":5,"usertype":2,"pseid":8,"children":[{"name":"424","size":6,"usertype":1,"pseid":340,"children":[{"name":1273,"size":7,"pseid":"\u65e0"},{"name":1274,"size":7,"pseid":"\u65e0"},{"name":1275,"size":7,"pseid":"\u65e0"}]},{"name":"425","size":6,"usertype":1,"pseid":340,"children":[{"name":1276,"size":7,"pseid":"\u65e0"},{"name":1277,"size":7,"pseid":"\u65e0"},{"name":1278,"size":7,"pseid":"\u65e0"}]},{"name":"426","size":6,"usertype":1,"pseid":340,"children":[{"name":1279,"size":7,"pseid":"\u65e0"},{"name":1280,"size":7,"pseid":"\u65e0"},{"name":1281,"size":7,"pseid":"\u65e0"}]}]}]},{"name":"47","size":4,"usertype":1,"pseid":18,"children":[{"name":"142","size":5,"usertype":2,"pseid":11,"children":[{"name":"427","size":6,"usertype":1,"pseid":340,"children":[{"name":1282,"size":7,"pseid":"\u65e0"},{"name":1283,"size":7,"pseid":"\u65e0"},{"name":1284,"size":7,"pseid":"\u65e0"}]},{"name":"428","size":6,"usertype":1,"pseid":340,"children":[{"name":1285,"size":7,"pseid":"\u65e0"},{"name":1286,"size":7,"pseid":"\u65e0"},{"name":1287,"size":7,"pseid":"\u65e0"}]},{"name":"429","size":6,"usertype":1,"pseid":340,"children":[{"name":1288,"size":7,"pseid":"\u65e0"},{"name":1289,"size":7,"pseid":"\u65e0"},{"name":1290,"size":7,"pseid":"\u65e0"}]}]},{"name":"143","size":5,"usertype":3,"pseid":11,"children":[{"name":"430","size":6,"usertype":1,"pseid":340,"children":[{"name":1291,"size":7,"pseid":"\u65e0"},{"name":1292,"size":7,"pseid":"\u65e0"},{"name":1293,"size":7,"pseid":"\u65e0"}]},{"name":"431","size":6,"usertype":2,"pseid":340,"children":[{"name":1294,"size":7,"pseid":"\u65e0"},{"name":1295,"size":7,"pseid":"\u65e0"},{"name":1296,"size":7,"pseid":"\u65e0"}]},{"name":"432","size":6,"usertype":1,"pseid":340,"children":[{"name":1297,"size":7,"pseid":"\u65e0"},{"name":1298,"size":7,"pseid":"\u65e0"},{"name":1299,"size":7,"pseid":"\u65e0"}]}]},{"name":"144","size":5,"usertype":1,"pseid":143,"children":[{"name":"433","size":6,"usertype":3,"pseid":159,"children":[{"name":1300,"size":7,"pseid":"\u65e0"},{"name":1301,"size":7,"pseid":"\u65e0"},{"name":1302,"size":7,"pseid":"\u65e0"}]},{"name":"434","size":6,"usertype":1,"pseid":37,"children":[{"name":1303,"size":7,"pseid":"\u65e0"},{"name":1304,"size":7,"pseid":"\u65e0"},{"name":1305,"size":7,"pseid":"\u65e0"}]},{"name":"435","size":6,"usertype":1,"pseid":37,"children":[{"name":1306,"size":7,"pseid":"\u65e0"},{"name":1307,"size":7,"pseid":"\u65e0"},{"name":1308,"size":7,"pseid":"\u65e0"}]}]}]},{"name":"48","size":4,"usertype":1,"pseid":42,"children":[{"name":"145","size":5,"usertype":1,"pseid":11,"children":[{"name":"436","size":6,"usertype":1,"pseid":230,"children":[{"name":1309,"size":7,"pseid":"\u65e0"},{"name":1310,"size":7,"pseid":"\u65e0"},{"name":1311,"size":7,"pseid":"\u65e0"}]},{"name":"437","size":6,"usertype":2,"pseid":96,"children":[{"name":1312,"size":7,"pseid":"\u65e0"},{"name":1313,"size":7,"pseid":"\u65e0"},{"name":1314,"size":7,"pseid":"\u65e0"}]},{"name":"438","size":6,"usertype":1,"pseid":395,"children":[{"name":1315,"size":7,"pseid":"\u65e0"},{"name":1316,"size":7,"pseid":"\u65e0"},{"name":1317,"size":7,"pseid":"\u65e0"}]}]},{"name":"146","size":5,"usertype":1,"pseid":11,"children":[{"name":"439","size":6,"usertype":3,"pseid":395,"children":[{"name":1318,"size":7,"pseid":"\u65e0"},{"name":1319,"size":7,"pseid":"\u65e0"},{"name":1320,"size":7,"pseid":"\u65e0"}]},{"name":"440","size":6,"usertype":1,"pseid":439,"children":[{"name":1321,"size":7,"pseid":"\u65e0"},{"name":1322,"size":7,"pseid":"\u65e0"},{"name":1323,"size":7,"pseid":"\u65e0"}]},{"name":"441","size":6,"usertype":1,"pseid":439,"children":[{"name":1324,"size":7,"pseid":"\u65e0"},{"name":1325,"size":7,"pseid":"\u65e0"},{"name":1326,"size":7,"pseid":"\u65e0"}]}]},{"name":"147","size":5,"usertype":1,"pseid":143,"children":[{"name":"442","size":6,"usertype":1,"pseid":439,"children":[{"name":1327,"size":7,"pseid":"\u65e0"},{"name":1328,"size":7,"pseid":"\u65e0"},{"name":1329,"size":7,"pseid":"\u65e0"}]},{"name":"443","size":6,"usertype":1,"pseid":439,"children":[{"name":1330,"size":7,"pseid":"\u65e0"},{"name":1331,"size":7,"pseid":"\u65e0"},{"name":1332,"size":7,"pseid":"\u65e0"}]},{"name":"444","size":6,"usertype":1,"pseid":439,"children":[{"name":1333,"size":7,"pseid":"\u65e0"},{"name":1334,"size":7,"pseid":"\u65e0"},{"name":1335,"size":7,"pseid":"\u65e0"}]}]}]}]}]},{"name":"5","size":2,"usertype":3,"pseid":"\u516c\u53f8\u7ba1\u7406\u5458","children":[{"name":"16","size":3,"usertype":2,"pseid":13,"children":[{"name":"49","size":4,"usertype":1,"pseid":42,"children":[{"name":"148","size":5,"usertype":1,"pseid":143,"children":[{"name":"445","size":6,"usertype":1,"pseid":439,"children":[{"name":1336,"size":7,"pseid":"\u65e0"},{"name":1337,"size":7,"pseid":"\u65e0"},{"name":1338,"size":7,"pseid":"\u65e0"}]},{"name":446,"size":6,"pseid":"\u65e0"},{"name":447,"size":6,"pseid":"\u65e0"}]},{"name":"149","size":5,"usertype":1,"pseid":143,"children":[{"name":"448","size":6,"usertype":2,"pseid":96,"children":[{"name":1345,"size":7,"pseid":"\u65e0"},{"name":1346,"size":7,"pseid":"\u65e0"},{"name":1347,"size":7,"pseid":"\u65e0"}]},{"name":449,"size":6,"pseid":"\u65e0"},{"name":450,"size":6,"pseid":"\u65e0"}]},{"name":"150","size":5,"usertype":1,"pseid":11,"children":[{"name":451,"size":6,"pseid":"\u65e0"},{"name":452,"size":6,"pseid":"\u65e0"},{"name":453,"size":6,"pseid":"\u65e0"}]}]},{"name":"50","size":4,"usertype":1,"pseid":42,"children":[{"name":"151","size":5,"usertype":1,"pseid":11,"children":[{"name":"454","size":6,"usertype":1,"pseid":985,"children":[{"name":1363,"size":7,"pseid":"\u65e0"},{"name":1364,"size":7,"pseid":"\u65e0"},{"name":1365,"size":7,"pseid":"\u65e0"}]},{"name":455,"size":6,"pseid":"\u65e0"},{"name":456,"size":6,"pseid":"\u65e0"}]},{"name":"152","size":5,"usertype":3,"pseid":11,"children":[{"name":"457","size":6,"usertype":1,"pseid":1069,"children":[{"name":1372,"size":7,"pseid":"\u65e0"},{"name":1373,"size":7,"pseid":"\u65e0"},{"name":1374,"size":7,"pseid":"\u65e0"}]},{"name":458,"size":6,"pseid":"\u65e0"},{"name":459,"size":6,"pseid":"\u65e0"}]},{"name":"153","size":5,"usertype":1,"pseid":11,"children":[{"name":460,"size":6,"pseid":"\u65e0"},{"name":461,"size":6,"pseid":"\u65e0"},{"name":"462","size":6,"usertype":1,"pseid":256,"children":[{"name":1387,"size":7,"pseid":"\u65e0"},{"name":1388,"size":7,"pseid":"\u65e0"},{"name":1389,"size":7,"pseid":"\u65e0"}]}]}]},{"name":"51","size":4,"usertype":1,"pseid":50,"children":[{"name":"154","size":5,"usertype":2,"pseid":11,"children":[{"name":"463","size":6,"usertype":1,"pseid":589,"children":[{"name":1390,"size":7,"pseid":"\u65e0"},{"name":1391,"size":7,"pseid":"\u65e0"},{"name":1392,"size":7,"pseid":"\u65e0"}]},{"name":464,"size":6,"pseid":"\u65e0"},{"name":465,"size":6,"pseid":"\u65e0"}]},{"name":"155","size":5,"usertype":1,"pseid":11,"children":[{"name":"466","size":6,"usertype":1,"pseid":1054,"children":[{"name":1399,"size":7,"pseid":"\u65e0"},{"name":1400,"size":7,"pseid":"\u65e0"},{"name":1401,"size":7,"pseid":"\u65e0"}]},{"name":467,"size":6,"pseid":"\u65e0"},{"name":468,"size":6,"pseid":"\u65e0"}]},{"name":"156","size":5,"usertype":1,"pseid":11,"children":[{"name":469,"size":6,"pseid":"\u65e0"},{"name":470,"size":6,"pseid":"\u65e0"},{"name":471,"size":6,"pseid":"\u65e0"}]}]}]},{"name":"17","size":3,"usertype":2,"pseid":1,"children":[{"name":"52","size":4,"usertype":1,"pseid":28,"children":[{"name":"157","size":5,"usertype":1,"pseid":11,"children":[{"name":"472","size":6,"usertype":1,"pseid":877,"children":[{"name":1417,"size":7,"pseid":"\u65e0"},{"name":1418,"size":7,"pseid":"\u65e0"},{"name":1419,"size":7,"pseid":"\u65e0"}]},{"name":473,"size":6,"pseid":"\u65e0"},{"name":474,"size":6,"pseid":"\u65e0"}]},{"name":"158","size":5,"usertype":3,"pseid":11,"children":[{"name":"475","size":6,"usertype":1,"pseid":431,"children":[{"name":1426,"size":7,"pseid":"\u65e0"},{"name":1427,"size":7,"pseid":"\u65e0"},{"name":1428,"size":7,"pseid":"\u65e0"}]},{"name":476,"size":6,"pseid":"\u65e0"},{"name":477,"size":6,"pseid":"\u65e0"}]},{"name":"159","size":5,"usertype":2,"pseid":158,"children":[{"name":478,"size":6,"pseid":"\u65e0"},{"name":479,"size":6,"pseid":"\u65e0"},{"name":"480","size":6,"usertype":2,"pseid":1069,"children":[{"name":1441,"size":7,"pseid":"\u65e0"},{"name":1442,"size":7,"pseid":"\u65e0"},{"name":1443,"size":7,"pseid":"\u65e0"}]}]}]},{"name":"53","size":4,"usertype":1,"pseid":18,"children":[{"name":"160","size":5,"usertype":1,"pseid":78,"children":[{"name":"481","size":6,"usertype":1,"pseid":643,"children":[{"name":1444,"size":7,"pseid":"\u65e0"},{"name":1445,"size":7,"pseid":"\u65e0"},{"name":1446,"size":7,"pseid":"\u65e0"}]},{"name":482,"size":6,"pseid":"\u65e0"},{"name":483,"size":6,"pseid":"\u65e0"}]},{"name":"161","size":5,"usertype":1,"pseid":65,"children":[{"name":"484","size":6,"usertype":1,"pseid":480,"children":[{"name":1453,"size":7,"pseid":"\u65e0"},{"name":1454,"size":7,"pseid":"\u65e0"},{"name":1455,"size":7,"pseid":"\u65e0"}]},{"name":485,"size":6,"pseid":"\u65e0"},{"name":486,"size":6,"pseid":"\u65e0"}]},{"name":"162","size":5,"usertype":1,"pseid":65,"children":[{"name":487,"size":6,"pseid":"\u65e0"},{"name":488,"size":6,"pseid":"\u65e0"},{"name":489,"size":6,"pseid":"\u65e0"}]}]},{"name":"54","size":4,"usertype":2,"pseid":42,"children":[{"name":"163","size":5,"usertype":1,"pseid":65,"children":[{"name":"490","size":6,"usertype":1,"pseid":652,"children":[{"name":1471,"size":7,"pseid":"\u65e0"},{"name":1472,"size":7,"pseid":"\u65e0"},{"name":1473,"size":7,"pseid":"\u65e0"}]},{"name":491,"size":6,"pseid":"\u65e0"},{"name":492,"size":6,"pseid":"\u65e0"}]},{"name":"164","size":5,"usertype":1,"pseid":82,"children":[{"name":"493","size":6,"usertype":1,"pseid":1069,"children":[{"name":1480,"size":7,"pseid":"\u65e0"},{"name":1481,"size":7,"pseid":"\u65e0"},{"name":1482,"size":7,"pseid":"\u65e0"}]},{"name":494,"size":6,"pseid":"\u65e0"},{"name":495,"size":6,"pseid":"\u65e0"}]},{"name":"165","size":5,"usertype":1,"pseid":33,"children":[{"name":496,"size":6,"pseid":"\u65e0"},{"name":497,"size":6,"pseid":"\u65e0"},{"name":498,"size":6,"pseid":"\u65e0"}]}]}]},{"name":"18","size":3,"usertype":2,"pseid":2,"children":[{"name":"55","size":4,"usertype":2,"pseid":42,"children":[{"name":"166","size":5,"usertype":1,"pseid":165,"children":[{"name":"499","size":6,"usertype":1,"pseid":877,"children":[{"name":1498,"size":7,"pseid":"\u65e0"},{"name":1499,"size":7,"pseid":"\u65e0"},{"name":1500,"size":7,"pseid":"\u65e0"}]},{"name":500,"size":6,"pseid":"\u65e0"},{"name":501,"size":6,"pseid":"\u65e0"}]},{"name":"167","size":5,"usertype":1,"pseid":8,"children":[{"name":"502","size":6,"usertype":1,"pseid":256,"children":[{"name":1507,"size":7,"pseid":"\u65e0"},{"name":1508,"size":7,"pseid":"\u65e0"},{"name":1509,"size":7,"pseid":"\u65e0"}]},{"name":503,"size":6,"pseid":"\u65e0"},{"name":504,"size":6,"pseid":"\u65e0"}]},{"name":"168","size":5,"usertype":1,"pseid":8,"children":[{"name":"505","size":6,"usertype":1,"pseid":376,"children":[{"name":1516,"size":7,"pseid":"\u65e0"},{"name":1517,"size":7,"pseid":"\u65e0"},{"name":1518,"size":7,"pseid":"\u65e0"}]},{"name":506,"size":6,"pseid":"\u65e0"},{"name":507,"size":6,"pseid":"\u65e0"}]}]},{"name":"56","size":4,"usertype":1,"pseid":14,"children":[{"name":"169","size":5,"usertype":1,"pseid":8,"children":[{"name":"508","size":6,"usertype":1,"pseid":643,"children":[{"name":1525,"size":7,"pseid":"\u65e0"},{"name":1526,"size":7,"pseid":"\u65e0"},{"name":1527,"size":7,"pseid":"\u65e0"}]},{"name":509,"size":6,"pseid":"\u65e0"},{"name":510,"size":6,"pseid":"\u65e0"}]},{"name":"170","size":5,"usertype":1,"pseid":8,"children":[{"name":"511","size":6,"usertype":1,"pseid":1054,"children":[{"name":1534,"size":7,"pseid":"\u65e0"},{"name":1535,"size":7,"pseid":"\u65e0"},{"name":1536,"size":7,"pseid":"\u65e0"}]},{"name":512,"size":6,"pseid":"\u65e0"},{"name":513,"size":6,"pseid":"\u65e0"}]},{"name":"171","size":5,"usertype":1,"pseid":18,"children":[{"name":514,"size":6,"pseid":"\u65e0"},{"name":515,"size":6,"pseid":"\u65e0"},{"name":"516","size":6,"usertype":1,"pseid":234,"children":[{"name":1549,"size":7,"pseid":"\u65e0"},{"name":1550,"size":7,"pseid":"\u65e0"},{"name":1551,"size":7,"pseid":"\u65e0"}]}]}]},{"name":"57","size":4,"usertype":2,"pseid":17,"children":[{"name":"172","size":5,"usertype":1,"pseid":22,"children":[{"name":"517","size":6,"usertype":1,"pseid":652,"children":[{"name":1552,"size":7,"pseid":"\u65e0"},{"name":1553,"size":7,"pseid":"\u65e0"},{"name":1554,"size":7,"pseid":"\u65e0"}]},{"name":518,"size":6,"pseid":"\u65e0"},{"name":519,"size":6,"pseid":"\u65e0"}]},{"name":"173","size":5,"usertype":1,"pseid":8,"children":[{"name":"520","size":6,"usertype":1,"pseid":3,"children":[{"name":1561,"size":7,"pseid":"\u65e0"},{"name":1562,"size":7,"pseid":"\u65e0"},{"name":1563,"size":7,"pseid":"\u65e0"}]},{"name":521,"size":6,"pseid":"\u65e0"},{"name":522,"size":6,"pseid":"\u65e0"}]},{"name":"174","size":5,"usertype":1,"pseid":42,"children":[{"name":523,"size":6,"pseid":"\u65e0"},{"name":524,"size":6,"pseid":"\u65e0"},{"name":525,"size":6,"pseid":"\u65e0"}]}]}]}]},{"name":"6","size":2,"usertype":3,"pseid":"\u516c\u53f8\u7ba1\u7406\u5458","children":[{"name":"19","size":3,"usertype":2,"pseid":18,"children":[{"name":"58","size":4,"usertype":1,"pseid":28,"children":[{"name":"175","size":5,"usertype":2,"pseid":33,"children":[{"name":"526","size":6,"usertype":1,"pseid":608,"children":[{"name":1579,"size":7,"pseid":"\u65e0"},{"name":1580,"size":7,"pseid":"\u65e0"},{"name":1581,"size":7,"pseid":"\u65e0"}]},{"name":527,"size":6,"pseid":"\u65e0"},{"name":528,"size":6,"pseid":"\u65e0"}]},{"name":"176","size":5,"usertype":1,"pseid":123,"children":[{"name":"529","size":6,"usertype":1,"pseid":394,"children":[{"name":1588,"size":7,"pseid":"\u65e0"},{"name":1589,"size":7,"pseid":"\u65e0"},{"name":1590,"size":7,"pseid":"\u65e0"}]},{"name":530,"size":6,"pseid":"\u65e0"},{"name":531,"size":6,"pseid":"\u65e0"}]},{"name":"177","size":5,"usertype":1,"pseid":82,"children":[{"name":"532","size":6,"usertype":1,"pseid":11,"children":[{"name":1597,"size":7,"pseid":"\u65e0"},{"name":1598,"size":7,"pseid":"\u65e0"},{"name":1599,"size":7,"pseid":"\u65e0"}]},{"name":533,"size":6,"pseid":"\u65e0"},{"name":534,"size":6,"pseid":"\u65e0"}]}]},{"name":"59","size":4,"usertype":1,"pseid":13,"children":[{"name":"178","size":5,"usertype":3,"pseid":158,"children":[{"name":"535","size":6,"usertype":1,"pseid":985,"children":[{"name":1606,"size":7,"pseid":"\u65e0"},{"name":1607,"size":7,"pseid":"\u65e0"},{"name":1608,"size":7,"pseid":"\u65e0"}]},{"name":536,"size":6,"pseid":"\u65e0"},{"name":537,"size":6,"pseid":"\u65e0"}]},{"name":"179","size":5,"usertype":1,"pseid":158,"children":[{"name":"538","size":6,"usertype":1,"pseid":1069,"children":[{"name":1615,"size":7,"pseid":"\u65e0"},{"name":1616,"size":7,"pseid":"\u65e0"},{"name":1617,"size":7,"pseid":"\u65e0"}]},{"name":539,"size":6,"pseid":"\u65e0"},{"name":540,"size":6,"pseid":"\u65e0"}]},{"name":"180","size":5,"usertype":1,"pseid":65,"children":[{"name":541,"size":6,"pseid":"\u65e0"},{"name":542,"size":6,"pseid":"\u65e0"},{"name":"543","size":6,"usertype":3,"pseid":340,"children":[{"name":1630,"size":7,"pseid":"\u65e0"},{"name":1631,"size":7,"pseid":"\u65e0"},{"name":1632,"size":7,"pseid":"\u65e0"}]}]}]},{"name":"60","size":4,"usertype":1,"pseid":29,"children":[{"name":"181","size":5,"usertype":2,"pseid":65,"children":[{"name":"544","size":6,"usertype":1,"pseid":589,"children":[{"name":1633,"size":7,"pseid":"\u65e0"},{"name":1634,"size":7,"pseid":"\u65e0"},{"name":1635,"size":7,"pseid":"\u65e0"}]},{"name":545,"size":6,"pseid":"\u65e0"},{"name":546,"size":6,"pseid":"\u65e0"}]},{"name":"182","size":5,"usertype":1,"pseid":65,"children":[{"name":"547","size":6,"usertype":1,"pseid":10,"children":[{"name":1642,"size":7,"pseid":"\u65e0"},{"name":1643,"size":7,"pseid":"\u65e0"},{"name":1644,"size":7,"pseid":"\u65e0"}]},{"name":548,"size":6,"pseid":"\u65e0"},{"name":549,"size":6,"pseid":"\u65e0"}]},{"name":"183","size":5,"usertype":1,"pseid":50,"children":[{"name":550,"size":6,"pseid":"\u65e0"},{"name":551,"size":6,"pseid":"\u65e0"},{"name":552,"size":6,"pseid":"\u65e0"}]}]}]},{"name":"20","size":3,"usertype":1,"pseid":18,"children":[{"name":"61","size":4,"usertype":1,"pseid":29,"children":[{"name":"184","size":5,"usertype":1,"pseid":21,"children":[{"name":"553","size":6,"usertype":1,"pseid":877,"children":[{"name":1660,"size":7,"pseid":"\u65e0"},{"name":1661,"size":7,"pseid":"\u65e0"},{"name":1662,"size":7,"pseid":"\u65e0"}]},{"name":554,"size":6,"pseid":"\u65e0"},{"name":555,"size":6,"pseid":"\u65e0"}]},{"name":"185","size":5,"usertype":1,"pseid":15,"children":[{"name":"556","size":6,"usertype":1,"pseid":431,"children":[{"name":1669,"size":7,"pseid":"\u65e0"},{"name":1670,"size":7,"pseid":"\u65e0"},{"name":1671,"size":7,"pseid":"\u65e0"}]},{"name":557,"size":6,"pseid":"\u65e0"},{"name":558,"size":6,"pseid":"\u65e0"}]},{"name":"186","size":5,"usertype":1,"pseid":106,"children":[{"name":559,"size":6,"pseid":"\u65e0"},{"name":560,"size":6,"pseid":"\u65e0"},{"name":561,"size":6,"pseid":"\u65e0"}]}]},{"name":"62","size":4,"usertype":1,"pseid":29,"children":[{"name":"187","size":5,"usertype":2,"pseid":11,"children":[{"name":"562","size":6,"usertype":1,"pseid":643,"children":[{"name":1687,"size":7,"pseid":"\u65e0"},{"name":1688,"size":7,"pseid":"\u65e0"},{"name":1689,"size":7,"pseid":"\u65e0"}]},{"name":563,"size":6,"pseid":"\u65e0"},{"name":564,"size":6,"pseid":"\u65e0"}]},{"name":"188","size":5,"usertype":1,"pseid":50,"children":[{"name":"565","size":6,"usertype":1,"pseid":480,"children":[{"name":1696,"size":7,"pseid":"\u65e0"},{"name":1697,"size":7,"pseid":"\u65e0"},{"name":1698,"size":7,"pseid":"\u65e0"}]},{"name":566,"size":6,"pseid":"\u65e0"},{"name":567,"size":6,"pseid":"\u65e0"}]},{"name":"189","size":5,"usertype":1,"pseid":188,"children":[{"name":568,"size":6,"pseid":"\u65e0"},{"name":569,"size":6,"pseid":"\u65e0"},{"name":570,"size":6,"pseid":"\u65e0"}]}]},{"name":"63","size":4,"usertype":1,"pseid":13,"children":[{"name":"190","size":5,"usertype":1,"pseid":188,"children":[{"name":"571","size":6,"usertype":1,"pseid":652,"children":[{"name":1714,"size":7,"pseid":"\u65e0"},{"name":1715,"size":7,"pseid":"\u65e0"},{"name":1716,"size":7,"pseid":"\u65e0"}]},{"name":572,"size":6,"pseid":"\u65e0"},{"name":573,"size":6,"pseid":"\u65e0"}]},{"name":"191","size":5,"usertype":1,"pseid":188,"children":[{"name":574,"size":6,"pseid":"\u65e0"},{"name":575,"size":6,"pseid":"\u65e0"},{"name":576,"size":6,"pseid":"\u65e0"}]},{"name":"192","size":5,"usertype":1,"pseid":188,"children":[{"name":577,"size":6,"pseid":"\u65e0"},{"name":578,"size":6,"pseid":"\u65e0"},{"name":579,"size":6,"pseid":"\u65e0"}]}]}]},{"name":"21","size":3,"usertype":1,"pseid":18,"children":[{"name":"64","size":4,"usertype":1,"pseid":56,"children":[{"name":"193","size":5,"usertype":1,"pseid":188,"children":[{"name":"580","size":6,"usertype":1,"pseid":985,"children":[{"name":1741,"size":7,"pseid":"\u65e0"},{"name":1742,"size":7,"pseid":"\u65e0"},{"name":1743,"size":7,"pseid":"\u65e0"}]},{"name":581,"size":6,"pseid":"\u65e0"},{"name":582,"size":6,"pseid":"\u65e0"}]},{"name":"194","size":5,"usertype":1,"pseid":188,"children":[{"name":"583","size":6,"usertype":1,"pseid":152,"children":[{"name":1750,"size":7,"pseid":"\u65e0"},{"name":1751,"size":7,"pseid":"\u65e0"},{"name":1752,"size":7,"pseid":"\u65e0"}]},{"name":584,"size":6,"pseid":"\u65e0"},{"name":585,"size":6,"pseid":"\u65e0"}]},{"name":"195","size":5,"usertype":1,"pseid":82,"children":[{"name":586,"size":6,"pseid":"\u65e0"},{"name":587,"size":6,"pseid":"\u65e0"},{"name":588,"size":6,"pseid":"\u65e0"}]}]},{"name":"65","size":4,"usertype":1,"pseid":9,"children":[{"name":"196","size":5,"usertype":1,"pseid":82,"children":[{"name":"589","size":6,"usertype":2,"pseid":395,"children":[{"name":1768,"size":7,"pseid":"\u65e0"},{"name":1769,"size":7,"pseid":"\u65e0"},{"name":1770,"size":7,"pseid":"\u65e0"}]},{"name":590,"size":6,"pseid":"\u65e0"},{"name":591,"size":6,"pseid":"\u65e0"}]},{"name":"197","size":5,"usertype":1,"pseid":82,"children":[{"name":"592","size":6,"usertype":1,"pseid":1054,"children":[{"name":1777,"size":7,"pseid":"\u65e0"},{"name":1778,"size":7,"pseid":"\u65e0"},{"name":1779,"size":7,"pseid":"\u65e0"}]},{"name":593,"size":6,"pseid":"\u65e0"},{"name":594,"size":6,"pseid":"\u65e0"}]},{"name":"198","size":5,"usertype":1,"pseid":82,"children":[{"name":595,"size":6,"pseid":"\u65e0"},{"name":596,"size":6,"pseid":"\u65e0"},{"name":597,"size":6,"pseid":"\u65e0"}]}]},{"name":"66","size":4,"usertype":1,"pseid":56,"children":[{"name":"199","size":5,"usertype":1,"pseid":82,"children":[{"name":"598","size":6,"usertype":1,"pseid":275,"children":[{"name":1795,"size":7,"pseid":"\u65e0"},{"name":1796,"size":7,"pseid":"\u65e0"},{"name":1797,"size":7,"pseid":"\u65e0"}]},{"name":599,"size":6,"pseid":"\u65e0"},{"name":600,"size":6,"pseid":"\u65e0"}]},{"name":"200","size":5,"usertype":1,"pseid":82,"children":[{"name":601,"size":6,"pseid":"\u65e0"},{"name":602,"size":6,"pseid":"\u65e0"},{"name":603,"size":6,"pseid":"\u65e0"}]},{"name":"201","size":5,"usertype":1,"pseid":82,"children":[{"name":604,"size":6,"pseid":"\u65e0"},{"name":605,"size":6,"pseid":"\u65e0"},{"name":606,"size":6,"pseid":"\u65e0"}]}]}]}]}]},{"name":"2","size":1,"usertype":3,"pseid":"\u516c\u53f8\u7ba1\u7406\u5458","children":[{"name":"7","size":2,"usertype":3,"pseid":"\u516c\u53f8\u7ba1\u7406\u5458","children":[{"name":"22","size":3,"usertype":1,"pseid":21,"children":[{"name":"67","size":4,"usertype":1,"pseid":56,"children":[{"name":"202","size":5,"usertype":1,"pseid":82,"children":[{"name":"607","size":6,"usertype":1,"pseid":187,"children":[{"name":1822,"size":7,"pseid":"\u65e0"},{"name":1823,"size":7,"pseid":"\u65e0"},{"name":1824,"size":7,"pseid":"\u65e0"}]},{"name":"608","size":6,"usertype":3,"pseid":395,"children":[{"name":1825,"size":7,"pseid":"\u65e0"},{"name":1826,"size":7,"pseid":"\u65e0"},{"name":1827,"size":7,"pseid":"\u65e0"}]},{"name":609,"size":6,"pseid":"\u65e0"}]},{"name":"203","size":5,"usertype":2,"pseid":21,"children":[{"name":"610","size":6,"usertype":1,"pseid":96,"children":[{"name":1831,"size":7,"pseid":"\u65e0"},{"name":1832,"size":7,"pseid":"\u65e0"},{"name":1833,"size":7,"pseid":"\u65e0"}]},{"name":611,"size":6,"pseid":"\u65e0"},{"name":612,"size":6,"pseid":"\u65e0"}]},{"name":"204","size":5,"usertype":1,"pseid":152,"children":[{"name":613,"size":6,"pseid":"\u65e0"},{"name":614,"size":6,"pseid":"\u65e0"},{"name":615,"size":6,"pseid":"\u65e0"}]}]},{"name":"68","size":4,"usertype":1,"pseid":42,"children":[{"name":"205","size":5,"usertype":1,"pseid":3,"children":[{"name":"616","size":6,"usertype":1,"pseid":985,"children":[{"name":1849,"size":7,"pseid":"\u65e0"},{"name":1850,"size":7,"pseid":"\u65e0"},{"name":1851,"size":7,"pseid":"\u65e0"}]},{"name":617,"size":6,"pseid":"\u65e0"},{"name":618,"size":6,"pseid":"\u65e0"}]},{"name":"206","size":5,"usertype":1,"pseid":3,"children":[{"name":"619","size":6,"usertype":1,"pseid":751,"children":[{"name":1858,"size":7,"pseid":"\u65e0"},{"name":1859,"size":7,"pseid":"\u65e0"},{"name":1860,"size":7,"pseid":"\u65e0"}]},{"name":620,"size":6,"pseid":"\u65e0"},{"name":621,"size":6,"pseid":"\u65e0"}]},{"name":"207","size":5,"usertype":1,"pseid":3,"children":[{"name":622,"size":6,"pseid":"\u65e0"},{"name":623,"size":6,"pseid":"\u65e0"},{"name":624,"size":6,"pseid":"\u65e0"}]}]},{"name":"69","size":4,"usertype":1,"pseid":42,"children":[{"name":"208","size":5,"usertype":1,"pseid":184,"children":[{"name":"625","size":6,"usertype":1,"pseid":589,"children":[{"name":1876,"size":7,"pseid":"\u65e0"},{"name":1877,"size":7,"pseid":"\u65e0"},{"name":1878,"size":7,"pseid":"\u65e0"}]},{"name":626,"size":6,"pseid":"\u65e0"},{"name":627,"size":6,"pseid":"\u65e0"}]},{"name":"209","size":5,"usertype":1,"pseid":154,"children":[{"name":"628","size":6,"usertype":1,"pseid":1054,"children":[{"name":1885,"size":7,"pseid":"\u65e0"},{"name":1886,"size":7,"pseid":"\u65e0"},{"name":1887,"size":7,"pseid":"\u65e0"}]},{"name":629,"size":6,"pseid":"\u65e0"},{"name":630,"size":6,"pseid":"\u65e0"}]},{"name":"210","size":5,"usertype":1,"pseid":8,"children":[{"name":631,"size":6,"pseid":"\u65e0"},{"name":632,"size":6,"pseid":"\u65e0"},{"name":633,"size":6,"pseid":"\u65e0"}]}]}]},{"name":"23","size":3,"usertype":2,"pseid":2,"children":[{"name":"70","size":4,"usertype":1,"pseid":28,"children":[{"name":"211","size":5,"usertype":1,"pseid":47,"children":[{"name":"634","size":6,"usertype":1,"pseid":608,"children":[{"name":1903,"size":7,"pseid":"\u65e0"},{"name":1904,"size":7,"pseid":"\u65e0"},{"name":1905,"size":7,"pseid":"\u65e0"}]},{"name":635,"size":6,"pseid":"\u65e0"},{"name":636,"size":6,"pseid":"\u65e0"}]},{"name":"212","size":5,"usertype":1,"pseid":158,"children":[{"name":"637","size":6,"usertype":1,"pseid":431,"children":[{"name":1912,"size":7,"pseid":"\u65e0"},{"name":1913,"size":7,"pseid":"\u65e0"},{"name":1914,"size":7,"pseid":"\u65e0"}]},{"name":638,"size":6,"pseid":"\u65e0"},{"name":639,"size":6,"pseid":"\u65e0"}]},{"name":"213","size":5,"usertype":1,"pseid":158,"children":[{"name":640,"size":6,"pseid":"\u65e0"},{"name":641,"size":6,"pseid":"\u65e0"},{"name":642,"size":6,"pseid":"\u65e0"}]}]},{"name":"71","size":4,"usertype":1,"pseid":18,"children":[{"name":"214","size":5,"usertype":1,"pseid":158,"children":[{"name":"643","size":6,"usertype":2,"pseid":395,"children":[{"name":1930,"size":7,"pseid":"\u65e0"},{"name":1931,"size":7,"pseid":"\u65e0"},{"name":1932,"size":7,"pseid":"\u65e0"}]},{"name":"644","size":6,"usertype":1,"pseid":256,"children":[{"name":1933,"size":7,"pseid":"\u65e0"},{"name":1934,"size":7,"pseid":"\u65e0"},{"name":1935,"size":7,"pseid":"\u65e0"}]},{"name":645,"size":6,"pseid":"\u65e0"}]},{"name":"215","size":5,"usertype":1,"pseid":158,"children":[{"name":"646","size":6,"usertype":1,"pseid":480,"children":[{"name":1939,"size":7,"pseid":"\u65e0"},{"name":1940,"size":7,"pseid":"\u65e0"},{"name":1941,"size":7,"pseid":"\u65e0"}]},{"name":647,"size":6,"pseid":"\u65e0"},{"name":648,"size":6,"pseid":"\u65e0"}]},{"name":"216","size":5,"usertype":1,"pseid":11,"children":[{"name":649,"size":6,"pseid":"\u65e0"},{"name":"650","size":6,"usertype":1,"pseid":751,"children":[{"name":1951,"size":7,"pseid":"\u65e0"},{"name":1952,"size":7,"pseid":"\u65e0"},{"name":1953,"size":7,"pseid":"\u65e0"}]},{"name":"651","size":6,"usertype":1,"pseid":96,"children":[{"name":1954,"size":7,"pseid":"\u65e0"},{"name":1955,"size":7,"pseid":"\u65e0"},{"name":1956,"size":7,"pseid":"\u65e0"}]}]}]},{"name":"72","size":4,"usertype":1,"pseid":13,"children":[{"name":"217","size":5,"usertype":1,"pseid":1,"children":[{"name":"652","size":6,"usertype":2,"pseid":395,"children":[{"name":1957,"size":7,"pseid":"\u65e0"},{"name":1958,"size":7,"pseid":"\u65e0"},{"name":1959,"size":7,"pseid":"\u65e0"}]},{"name":653,"size":6,"pseid":"\u65e0"},{"name":654,"size":6,"pseid":"\u65e0"}]},{"name":"218","size":5,"usertype":1,"pseid":217,"children":[{"name":"655","size":6,"usertype":1,"pseid":11,"children":[{"name":1966,"size":7,"pseid":"\u65e0"},{"name":1967,"size":7,"pseid":"\u65e0"},{"name":1968,"size":7,"pseid":"\u65e0"}]},{"name":656,"size":6,"pseid":"\u65e0"},{"name":657,"size":6,"pseid":"\u65e0"}]},{"name":"219","size":5,"usertype":1,"pseid":143,"children":[{"name":658,"size":6,"pseid":"\u65e0"},{"name":659,"size":6,"pseid":"\u65e0"},{"name":660,"size":6,"pseid":"\u65e0"}]}]}]},{"name":"24","size":3,"usertype":1,"pseid":23,"children":[{"name":"73","size":4,"usertype":1,"pseid":42,"children":[{"name":"220","size":5,"usertype":1,"pseid":143,"children":[{"name":"661","size":6,"usertype":1,"pseid":877,"children":[{"name":1984,"size":7,"pseid":"\u65e0"},{"name":1985,"size":7,"pseid":"\u65e0"},{"name":1986,"size":7,"pseid":"\u65e0"}]},{"name":662,"size":6,"pseid":"\u65e0"},{"name":663,"size":6,"pseid":"\u65e0"}]},{"name":"221","size":5,"usertype":1,"pseid":218,"children":[{"name":"664","size":6,"usertype":1,"pseid":431,"children":[{"name":1993,"size":7,"pseid":"\u65e0"},{"name":1994,"size":7,"pseid":"\u65e0"},{"name":1995,"size":7,"pseid":"\u65e0"}]},{"name":665,"size":6,"pseid":"\u65e0"},{"name":666,"size":6,"pseid":"\u65e0"}]},{"name":"222","size":5,"usertype":1,"pseid":217,"children":[{"name":667,"size":6,"pseid":"\u65e0"},{"name":668,"size":6,"pseid":"\u65e0"},{"name":669,"size":6,"pseid":"\u65e0"}]}]},{"name":"74","size":4,"usertype":1,"pseid":73,"children":[{"name":"223","size":5,"usertype":1,"pseid":16,"children":[{"name":"670","size":6,"usertype":1,"pseid":643,"children":[{"name":2011,"size":7,"pseid":"\u65e0"},{"name":2012,"size":7,"pseid":"\u65e0"},{"name":2013,"size":7,"pseid":"\u65e0"}]},{"name":671,"size":6,"pseid":"\u65e0"},{"name":672,"size":6,"pseid":"\u65e0"}]},{"name":"224","size":5,"usertype":1,"pseid":16,"children":[{"name":"673","size":6,"usertype":1,"pseid":480,"children":[{"name":2020,"size":7,"pseid":"\u65e0"},{"name":2021,"size":7,"pseid":"\u65e0"},{"name":2022,"size":7,"pseid":"\u65e0"}]},{"name":674,"size":6,"pseid":"\u65e0"},{"name":675,"size":6,"pseid":"\u65e0"}]},{"name":"225","size":5,"usertype":1,"pseid":16,"children":[{"name":676,"size":6,"pseid":"\u65e0"},{"name":677,"size":6,"pseid":"\u65e0"},{"name":678,"size":6,"pseid":"\u65e0"}]}]},{"name":"75","size":4,"usertype":1,"pseid":73,"children":[{"name":"226","size":5,"usertype":1,"pseid":11,"children":[{"name":"679","size":6,"usertype":1,"pseid":652,"children":[{"name":2038,"size":7,"pseid":"\u65e0"},{"name":2039,"size":7,"pseid":"\u65e0"},{"name":2040,"size":7,"pseid":"\u65e0"}]},{"name":680,"size":6,"pseid":"\u65e0"},{"name":681,"size":6,"pseid":"\u65e0"}]},{"name":"227","size":5,"usertype":1,"pseid":217,"children":[{"name":682,"size":6,"pseid":"\u65e0"},{"name":683,"size":6,"pseid":"\u65e0"},{"name":684,"size":6,"pseid":"\u65e0"}]},{"name":"228","size":5,"usertype":1,"pseid":217,"children":[{"name":685,"size":6,"pseid":"\u65e0"},{"name":686,"size":6,"pseid":"\u65e0"},{"name":687,"size":6,"pseid":"\u65e0"}]}]}]}]},{"name":"8","size":2,"usertype":3,"pseid":"\u516c\u53f8\u7ba1\u7406\u5458","children":[{"name":"25","size":3,"usertype":1,"pseid":23,"children":[{"name":"76","size":4,"usertype":1,"pseid":28,"children":[{"name":"229","size":5,"usertype":1,"pseid":107,"children":[{"name":"688","size":6,"usertype":1,"pseid":608,"children":[{"name":2065,"size":7,"pseid":"\u65e0"},{"name":2066,"size":7,"pseid":"\u65e0"},{"name":2067,"size":7,"pseid":"\u65e0"}]},{"name":689,"size":6,"pseid":"\u65e0"},{"name":690,"size":6,"pseid":"\u65e0"}]},{"name":"230","size":5,"usertype":2,"pseid":2,"children":[{"name":"691","size":6,"usertype":3,"pseid":256,"children":[{"name":2074,"size":7,"pseid":"\u65e0"},{"name":2075,"size":7,"pseid":"\u65e0"},{"name":2076,"size":7,"pseid":"\u65e0"}]},{"name":692,"size":6,"pseid":"\u65e0"},{"name":693,"size":6,"pseid":"\u65e0"}]},{"name":"231","size":5,"usertype":1,"pseid":230,"children":[{"name":694,"size":6,"pseid":"\u65e0"},{"name":695,"size":6,"pseid":"\u65e0"},{"name":696,"size":6,"pseid":"\u65e0"}]}]},{"name":"77","size":4,"usertype":2,"pseid":3,"children":[{"name":"232","size":5,"usertype":1,"pseid":143,"children":[{"name":"697","size":6,"usertype":1,"pseid":985,"children":[{"name":2092,"size":7,"pseid":"\u65e0"},{"name":2093,"size":7,"pseid":"\u65e0"},{"name":2094,"size":7,"pseid":"\u65e0"}]},{"name":698,"size":6,"pseid":"\u65e0"},{"name":699,"size":6,"pseid":"\u65e0"}]},{"name":"233","size":5,"usertype":1,"pseid":159,"children":[{"name":"700","size":6,"usertype":1,"pseid":1069,"children":[{"name":2101,"size":7,"pseid":"\u65e0"},{"name":2102,"size":7,"pseid":"\u65e0"},{"name":2103,"size":7,"pseid":"\u65e0"}]},{"name":701,"size":6,"pseid":"\u65e0"},{"name":702,"size":6,"pseid":"\u65e0"}]},{"name":"234","size":5,"usertype":1,"pseid":159,"children":[{"name":703,"size":6,"pseid":"\u65e0"},{"name":704,"size":6,"pseid":"\u65e0"},{"name":705,"size":6,"pseid":"\u65e0"}]}]},{"name":"78","size":4,"usertype":1,"pseid":77,"children":[{"name":"235","size":5,"usertype":1,"pseid":178,"children":[{"name":"706","size":6,"usertype":1,"pseid":589,"children":[{"name":2119,"size":7,"pseid":"\u65e0"},{"name":2120,"size":7,"pseid":"\u65e0"},{"name":2121,"size":7,"pseid":"\u65e0"}]},{"name":707,"size":6,"pseid":"\u65e0"},{"name":708,"size":6,"pseid":"\u65e0"}]},{"name":"236","size":5,"usertype":1,"pseid":16,"children":[{"name":"709","size":6,"usertype":1,"pseid":4,"children":[{"name":2128,"size":7,"pseid":"\u65e0"},{"name":2129,"size":7,"pseid":"\u65e0"},{"name":2130,"size":7,"pseid":"\u65e0"}]},{"name":710,"size":6,"pseid":"\u65e0"},{"name":711,"size":6,"pseid":"\u65e0"}]},{"name":"237","size":5,"usertype":1,"pseid":158,"children":[{"name":712,"size":6,"pseid":"\u65e0"},{"name":713,"size":6,"pseid":"\u65e0"},{"name":714,"size":6,"pseid":"\u65e0"}]}]}]},{"name":"26","size":3,"usertype":1,"pseid":23,"children":[{"name":"79","size":4,"usertype":1,"pseid":77,"children":[{"name":"238","size":5,"usertype":2,"pseid":158,"children":[{"name":"715","size":6,"usertype":1,"pseid":877,"children":[{"name":2146,"size":7,"pseid":"\u65e0"},{"name":2147,"size":7,"pseid":"\u65e0"},{"name":2148,"size":7,"pseid":"\u65e0"}]},{"name":716,"size":6,"pseid":"\u65e0"},{"name":717,"size":6,"pseid":"\u65e0"}]},{"name":"239","size":5,"usertype":1,"pseid":178,"children":[{"name":"718","size":6,"usertype":1,"pseid":431,"children":[{"name":2155,"size":7,"pseid":"\u65e0"},{"name":2156,"size":7,"pseid":"\u65e0"},{"name":2157,"size":7,"pseid":"\u65e0"}]},{"name":719,"size":6,"pseid":"\u65e0"},{"name":720,"size":6,"pseid":"\u65e0"}]},{"name":"240","size":5,"usertype":1,"pseid":152,"children":[{"name":721,"size":6,"pseid":"\u65e0"},{"name":722,"size":6,"pseid":"\u65e0"},{"name":723,"size":6,"pseid":"\u65e0"}]}]},{"name":"80","size":4,"usertype":1,"pseid":77,"children":[{"name":"241","size":5,"usertype":1,"pseid":158,"children":[{"name":"724","size":6,"usertype":1,"pseid":643,"children":[{"name":2173,"size":7,"pseid":"\u65e0"},{"name":2174,"size":7,"pseid":"\u65e0"},{"name":2175,"size":7,"pseid":"\u65e0"}]},{"name":725,"size":6,"pseid":"\u65e0"},{"name":726,"size":6,"pseid":"\u65e0"}]},{"name":"242","size":5,"usertype":1,"pseid":158,"children":[{"name":"727","size":6,"usertype":1,"pseid":480,"children":[{"name":2182,"size":7,"pseid":"\u65e0"},{"name":2183,"size":7,"pseid":"\u65e0"},{"name":2184,"size":7,"pseid":"\u65e0"}]},{"name":728,"size":6,"pseid":"\u65e0"},{"name":729,"size":6,"pseid":"\u65e0"}]},{"name":"243","size":5,"usertype":1,"pseid":158,"children":[{"name":730,"size":6,"pseid":"\u65e0"},{"name":731,"size":6,"pseid":"\u65e0"},{"name":732,"size":6,"pseid":"\u65e0"}]}]},{"name":"81","size":4,"usertype":1,"pseid":77,"children":[{"name":"244","size":5,"usertype":1,"pseid":15,"children":[{"name":"733","size":6,"usertype":1,"pseid":652,"children":[{"name":2200,"size":7,"pseid":"\u65e0"},{"name":2201,"size":7,"pseid":"\u65e0"},{"name":2202,"size":7,"pseid":"\u65e0"}]},{"name":734,"size":6,"pseid":"\u65e0"},{"name":735,"size":6,"pseid":"\u65e0"}]},{"name":"245","size":5,"usertype":1,"pseid":158,"children":[{"name":"736","size":6,"usertype":1,"pseid":1069,"children":[{"name":2209,"size":7,"pseid":"\u65e0"},{"name":2210,"size":7,"pseid":"\u65e0"},{"name":2211,"size":7,"pseid":"\u65e0"}]},{"name":737,"size":6,"pseid":"\u65e0"},{"name":738,"size":6,"pseid":"\u65e0"}]},{"name":"246","size":5,"usertype":1,"pseid":158,"children":[{"name":739,"size":6,"pseid":"\u65e0"},{"name":740,"size":6,"pseid":"\u65e0"},{"name":741,"size":6,"pseid":"\u65e0"}]}]}]},{"name":"27","size":3,"usertype":1,"pseid":23,"children":[{"name":"82","size":4,"usertype":2,"pseid":77,"children":[{"name":"247","size":5,"usertype":1,"pseid":158,"children":[{"name":"742","size":6,"usertype":1,"pseid":877,"children":[{"name":2227,"size":7,"pseid":"\u65e0"},{"name":2228,"size":7,"pseid":"\u65e0"},{"name":2229,"size":7,"pseid":"\u65e0"}]},{"name":743,"size":6,"pseid":"\u65e0"},{"name":744,"size":6,"pseid":"\u65e0"}]},{"name":"248","size":5,"usertype":1,"pseid":178,"children":[{"name":"745","size":6,"usertype":1,"pseid":107,"children":[{"name":2236,"size":7,"pseid":"\u65e0"},{"name":2237,"size":7,"pseid":"\u65e0"},{"name":2238,"size":7,"pseid":"\u65e0"}]},{"name":746,"size":6,"pseid":"\u65e0"},{"name":747,"size":6,"pseid":"\u65e0"}]},{"name":"249","size":5,"usertype":1,"pseid":28,"children":[{"name":748,"size":6,"pseid":"\u65e0"},{"name":749,"size":6,"pseid":"\u65e0"},{"name":750,"size":6,"pseid":"\u65e0"}]}]},{"name":"83","size":4,"usertype":1,"pseid":77,"children":[{"name":"250","size":5,"usertype":1,"pseid":28,"children":[{"name":"751","size":6,"usertype":1,"pseid":395,"children":[{"name":2254,"size":7,"pseid":"\u65e0"},{"name":2255,"size":7,"pseid":"\u65e0"},{"name":2256,"size":7,"pseid":"\u65e0"}]},{"name":752,"size":6,"pseid":"\u65e0"},{"name":753,"size":6,"pseid":"\u65e0"}]},{"name":"251","size":5,"usertype":1,"pseid":28,"children":[{"name":"754","size":6,"usertype":1,"pseid":1054,"children":[{"name":2263,"size":7,"pseid":"\u65e0"},{"name":2264,"size":7,"pseid":"\u65e0"},{"name":2265,"size":7,"pseid":"\u65e0"}]},{"name":755,"size":6,"pseid":"\u65e0"},{"name":756,"size":6,"pseid":"\u65e0"}]},{"name":"252","size":5,"usertype":1,"pseid":28,"children":[{"name":757,"size":6,"pseid":"\u65e0"},{"name":758,"size":6,"pseid":"\u65e0"},{"name":759,"size":6,"pseid":"\u65e0"}]}]},{"name":"84","size":4,"usertype":1,"pseid":77,"children":[{"name":"253","size":5,"usertype":1,"pseid":28,"children":[{"name":"760","size":6,"usertype":1,"pseid":275,"children":[{"name":2281,"size":7,"pseid":"\u65e0"},{"name":2282,"size":7,"pseid":"\u65e0"},{"name":2283,"size":7,"pseid":"\u65e0"}]},{"name":761,"size":6,"pseid":"\u65e0"},{"name":762,"size":6,"pseid":"\u65e0"}]},{"name":"254","size":5,"usertype":1,"pseid":28,"children":[{"name":763,"size":6,"pseid":"\u65e0"},{"name":764,"size":6,"pseid":"\u65e0"},{"name":765,"size":6,"pseid":"\u65e0"}]},{"name":"255","size":5,"usertype":1,"pseid":28,"children":[{"name":766,"size":6,"pseid":"\u65e0"},{"name":767,"size":6,"pseid":"\u65e0"},{"name":768,"size":6,"pseid":"\u65e0"}]}]}]}]},{"name":"9","size":2,"usertype":3,"pseid":"\u516c\u53f8\u7ba1\u7406\u5458","children":[{"name":"28","size":3,"usertype":3,"pseid":1,"children":[{"name":"85","size":4,"usertype":1,"pseid":77,"children":[{"name":"256","size":5,"usertype":1,"pseid":152,"children":[{"name":"769","size":6,"usertype":1,"pseid":608,"children":[{"name":2308,"size":7,"pseid":"\u65e0"},{"name":2309,"size":7,"pseid":"\u65e0"},{"name":2310,"size":7,"pseid":"\u65e0"}]},{"name":770,"size":6,"pseid":"\u65e0"},{"name":771,"size":6,"pseid":"\u65e0"}]},{"name":"257","size":5,"usertype":1,"pseid":108,"children":[{"name":"772","size":6,"usertype":1,"pseid":106,"children":[{"name":2317,"size":7,"pseid":"\u65e0"},{"name":2318,"size":7,"pseid":"\u65e0"},{"name":2319,"size":7,"pseid":"\u65e0"}]},{"name":773,"size":6,"pseid":"\u65e0"},{"name":774,"size":6,"pseid":"\u65e0"}]},{"name":"258","size":5,"usertype":1,"pseid":203,"children":[{"name":775,"size":6,"pseid":"\u65e0"},{"name":776,"size":6,"pseid":"\u65e0"},{"name":777,"size":6,"pseid":"\u65e0"}]}]},{"name":"86","size":4,"usertype":1,"pseid":77,"children":[{"name":"259","size":5,"usertype":1,"pseid":246,"children":[{"name":"778","size":6,"usertype":1,"pseid":256,"children":[{"name":2335,"size":7,"pseid":"\u65e0"},{"name":2336,"size":7,"pseid":"\u65e0"},{"name":2337,"size":7,"pseid":"\u65e0"}]},{"name":779,"size":6,"pseid":"\u65e0"},{"name":780,"size":6,"pseid":"\u65e0"}]},{"name":"260","size":5,"usertype":1,"pseid":41,"children":[{"name":"781","size":6,"usertype":1,"pseid":1069,"children":[{"name":2344,"size":7,"pseid":"\u65e0"},{"name":2345,"size":7,"pseid":"\u65e0"},{"name":2346,"size":7,"pseid":"\u65e0"}]},{"name":782,"size":6,"pseid":"\u65e0"},{"name":783,"size":6,"pseid":"\u65e0"}]},{"name":"261","size":5,"usertype":1,"pseid":260,"children":[{"name":784,"size":6,"pseid":"\u65e0"},{"name":785,"size":6,"pseid":"\u65e0"},{"name":786,"size":6,"pseid":"\u65e0"}]}]},{"name":"87","size":4,"usertype":1,"pseid":77,"children":[{"name":"262","size":5,"usertype":1,"pseid":178,"children":[{"name":"787","size":6,"usertype":1,"pseid":589,"children":[{"name":2362,"size":7,"pseid":"\u65e0"},{"name":2363,"size":7,"pseid":"\u65e0"},{"name":2364,"size":7,"pseid":"\u65e0"}]},{"name":788,"size":6,"pseid":"\u65e0"},{"name":789,"size":6,"pseid":"\u65e0"}]},{"name":"263","size":5,"usertype":1,"pseid":18,"children":[{"name":"790","size":6,"usertype":1,"pseid":4,"children":[{"name":2371,"size":7,"pseid":"\u65e0"},{"name":2372,"size":7,"pseid":"\u65e0"},{"name":2373,"size":7,"pseid":"\u65e0"}]},{"name":791,"size":6,"pseid":"\u65e0"},{"name":792,"size":6,"pseid":"\u65e0"}]},{"name":"264","size":5,"usertype":1,"pseid":28,"children":[{"name":793,"size":6,"pseid":"\u65e0"},{"name":794,"size":6,"pseid":"\u65e0"},{"name":795,"size":6,"pseid":"\u65e0"}]}]}]},{"name":"29","size":3,"usertype":1,"pseid":28,"children":[{"name":"88","size":4,"usertype":1,"pseid":42,"children":[{"name":"265","size":5,"usertype":1,"pseid":143,"children":[{"name":"796","size":6,"usertype":1,"pseid":877,"children":[{"name":2389,"size":7,"pseid":"\u65e0"},{"name":2390,"size":7,"pseid":"\u65e0"},{"name":2391,"size":7,"pseid":"\u65e0"}]},{"name":797,"size":6,"pseid":"\u65e0"},{"name":798,"size":6,"pseid":"\u65e0"}]},{"name":"266","size":5,"usertype":1,"pseid":16,"children":[{"name":"799","size":6,"usertype":1,"pseid":431,"children":[{"name":2398,"size":7,"pseid":"\u65e0"},{"name":2399,"size":7,"pseid":"\u65e0"},{"name":2400,"size":7,"pseid":"\u65e0"}]},{"name":800,"size":6,"pseid":"\u65e0"},{"name":801,"size":6,"pseid":"\u65e0"}]},{"name":"267","size":5,"usertype":1,"pseid":16,"children":[{"name":802,"size":6,"pseid":"\u65e0"},{"name":803,"size":6,"pseid":"\u65e0"},{"name":804,"size":6,"pseid":"\u65e0"}]}]},{"name":"89","size":4,"usertype":1,"pseid":28,"children":[{"name":"268","size":5,"usertype":1,"pseid":16,"children":[{"name":"805","size":6,"usertype":1,"pseid":643,"children":[{"name":2416,"size":7,"pseid":"\u65e0"},{"name":2417,"size":7,"pseid":"\u65e0"},{"name":2418,"size":7,"pseid":"\u65e0"}]},{"name":806,"size":6,"pseid":"\u65e0"},{"name":807,"size":6,"pseid":"\u65e0"}]},{"name":"269","size":5,"usertype":1,"pseid":16,"children":[{"name":"808","size":6,"usertype":1,"pseid":480,"children":[{"name":2425,"size":7,"pseid":"\u65e0"},{"name":2426,"size":7,"pseid":"\u65e0"},{"name":2427,"size":7,"pseid":"\u65e0"}]},{"name":809,"size":6,"pseid":"\u65e0"},{"name":810,"size":6,"pseid":"\u65e0"}]},{"name":"270","size":5,"usertype":1,"pseid":16,"children":[{"name":811,"size":6,"pseid":"\u65e0"},{"name":812,"size":6,"pseid":"\u65e0"},{"name":813,"size":6,"pseid":"\u65e0"}]}]},{"name":"90","size":4,"usertype":1,"pseid":28,"children":[{"name":"271","size":5,"usertype":1,"pseid":16,"children":[{"name":"814","size":6,"usertype":1,"pseid":652,"children":[{"name":2443,"size":7,"pseid":"\u65e0"},{"name":2444,"size":7,"pseid":"\u65e0"},{"name":2445,"size":7,"pseid":"\u65e0"}]},{"name":815,"size":6,"pseid":"\u65e0"},{"name":816,"size":6,"pseid":"\u65e0"}]},{"name":"272","size":5,"usertype":1,"pseid":143,"children":[{"name":817,"size":6,"pseid":"\u65e0"},{"name":818,"size":6,"pseid":"\u65e0"},{"name":819,"size":6,"pseid":"\u65e0"}]},{"name":"273","size":5,"usertype":1,"pseid":143,"children":[{"name":820,"size":6,"pseid":"\u65e0"},{"name":821,"size":6,"pseid":"\u65e0"},{"name":822,"size":6,"pseid":"\u65e0"}]}]}]},{"name":"30","size":3,"usertype":1,"pseid":28,"children":[{"name":"91","size":4,"usertype":1,"pseid":1,"children":[{"name":"274","size":5,"usertype":1,"pseid":3,"children":[{"name":"823","size":6,"usertype":1,"pseid":985,"children":[{"name":2470,"size":7,"pseid":"\u65e0"},{"name":2471,"size":7,"pseid":"\u65e0"},{"name":2472,"size":7,"pseid":"\u65e0"}]},{"name":824,"size":6,"pseid":"\u65e0"},{"name":825,"size":6,"pseid":"\u65e0"}]},{"name":"275","size":5,"usertype":2,"pseid":203,"children":[{"name":"826","size":6,"usertype":1,"pseid":340,"children":[{"name":2479,"size":7,"pseid":"\u65e0"},{"name":2480,"size":7,"pseid":"\u65e0"},{"name":2481,"size":7,"pseid":"\u65e0"}]},{"name":827,"size":6,"pseid":"\u65e0"},{"name":828,"size":6,"pseid":"\u65e0"}]},{"name":"276","size":5,"usertype":1,"pseid":178,"children":[{"name":829,"size":6,"pseid":"\u65e0"},{"name":830,"size":6,"pseid":"\u65e0"},{"name":831,"size":6,"pseid":"\u65e0"}]}]},{"name":"92","size":4,"usertype":1,"pseid":28,"children":[{"name":"277","size":5,"usertype":1,"pseid":21,"children":[{"name":"832","size":6,"usertype":1,"pseid":589,"children":[{"name":2497,"size":7,"pseid":"\u65e0"},{"name":2498,"size":7,"pseid":"\u65e0"},{"name":2499,"size":7,"pseid":"\u65e0"}]},{"name":833,"size":6,"pseid":"\u65e0"},{"name":834,"size":6,"pseid":"\u65e0"}]},{"name":"278","size":5,"usertype":1,"pseid":57,"children":[{"name":"835","size":6,"usertype":1,"pseid":1054,"children":[{"name":2506,"size":7,"pseid":"\u65e0"},{"name":2507,"size":7,"pseid":"\u65e0"},{"name":2508,"size":7,"pseid":"\u65e0"}]},{"name":836,"size":6,"pseid":"\u65e0"},{"name":837,"size":6,"pseid":"\u65e0"}]},{"name":"279","size":5,"usertype":1,"pseid":30,"children":[{"name":838,"size":6,"pseid":"\u65e0"},{"name":839,"size":6,"pseid":"\u65e0"},{"name":840,"size":6,"pseid":"\u65e0"}]}]},{"name":"93","size":4,"usertype":1,"pseid":13,"children":[{"name":"280","size":5,"usertype":1,"pseid":159,"children":[{"name":"841","size":6,"usertype":1,"pseid":275,"children":[{"name":2524,"size":7,"pseid":"\u65e0"},{"name":2525,"size":7,"pseid":"\u65e0"},{"name":2526,"size":7,"pseid":"\u65e0"}]},{"name":842,"size":6,"pseid":"\u65e0"},{"name":843,"size":6,"pseid":"\u65e0"}]},{"name":"281","size":5,"usertype":2,"pseid":158,"children":[{"name":844,"size":6,"pseid":"\u65e0"},{"name":845,"size":6,"pseid":"\u65e0"},{"name":846,"size":6,"pseid":"\u65e0"}]},{"name":"282","size":5,"usertype":1,"pseid":159,"children":[{"name":847,"size":6,"pseid":"\u65e0"},{"name":848,"size":6,"pseid":"\u65e0"},{"name":849,"size":6,"pseid":"\u65e0"}]}]}]}]}]},{"name":"3","size":1,"usertype":3,"pseid":"\u516c\u53f8\u7ba1\u7406\u5458","children":[{"name":"10","size":2,"usertype":3,"pseid":"\u516c\u53f8\u7ba1\u7406\u5458","children":[{"name":"31","size":3,"usertype":1,"pseid":28,"children":[{"name":"94","size":4,"usertype":1,"pseid":42,"children":[{"name":"283","size":5,"usertype":2,"pseid":158,"children":[{"name":"850","size":6,"usertype":1,"pseid":608,"children":[{"name":2551,"size":7,"pseid":"\u65e0"},{"name":2552,"size":7,"pseid":"\u65e0"},{"name":2553,"size":7,"pseid":"\u65e0"}]},{"name":851,"size":6,"pseid":"\u65e0"},{"name":852,"size":6,"pseid":"\u65e0"}]},{"name":"284","size":5,"usertype":1,"pseid":47,"children":[{"name":"853","size":6,"usertype":1,"pseid":751,"children":[{"name":2560,"size":7,"pseid":"\u65e0"},{"name":2561,"size":7,"pseid":"\u65e0"},{"name":2562,"size":7,"pseid":"\u65e0"}]},{"name":854,"size":6,"pseid":"\u65e0"},{"name":855,"size":6,"pseid":"\u65e0"}]},{"name":"285","size":5,"usertype":1,"pseid":47,"children":[{"name":856,"size":6,"pseid":"\u65e0"},{"name":857,"size":6,"pseid":"\u65e0"},{"name":858,"size":6,"pseid":"\u65e0"}]}]},{"name":"95","size":4,"usertype":1,"pseid":6,"children":[{"name":"286","size":5,"usertype":1,"pseid":47,"children":[{"name":"859","size":6,"usertype":1,"pseid":985,"children":[{"name":2578,"size":7,"pseid":"\u65e0"},{"name":2579,"size":7,"pseid":"\u65e0"},{"name":2580,"size":7,"pseid":"\u65e0"}]},{"name":860,"size":6,"pseid":"\u65e0"},{"name":861,"size":6,"pseid":"\u65e0"}]},{"name":"287","size":5,"usertype":1,"pseid":47,"children":[{"name":"862","size":6,"usertype":1,"pseid":4,"children":[{"name":2587,"size":7,"pseid":"\u65e0"},{"name":2588,"size":7,"pseid":"\u65e0"},{"name":2589,"size":7,"pseid":"\u65e0"}]},{"name":863,"size":6,"pseid":"\u65e0"},{"name":864,"size":6,"pseid":"\u65e0"}]},{"name":"288","size":5,"usertype":1,"pseid":183,"children":[{"name":"865","size":6,"usertype":1,"pseid":4,"children":[{"name":2596,"size":7,"pseid":"\u65e0"},{"name":2597,"size":7,"pseid":"\u65e0"},{"name":2598,"size":7,"pseid":"\u65e0"}]},{"name":866,"size":6,"pseid":"\u65e0"},{"name":867,"size":6,"pseid":"\u65e0"}]}]},{"name":"96","size":4,"usertype":1,"pseid":6,"children":[{"name":"289","size":5,"usertype":3,"pseid":158,"children":[{"name":"868","size":6,"usertype":1,"pseid":589,"children":[{"name":2605,"size":7,"pseid":"\u65e0"},{"name":2606,"size":7,"pseid":"\u65e0"},{"name":2607,"size":7,"pseid":"\u65e0"}]},{"name":869,"size":6,"pseid":"\u65e0"},{"name":870,"size":6,"pseid":"\u65e0"}]},{"name":"290","size":5,"usertype":3,"pseid":158,"children":[{"name":"871","size":6,"usertype":1,"pseid":1054,"children":[{"name":2614,"size":7,"pseid":"\u65e0"},{"name":2615,"size":7,"pseid":"\u65e0"},{"name":2616,"size":7,"pseid":"\u65e0"}]},{"name":872,"size":6,"pseid":"\u65e0"},{"name":873,"size":6,"pseid":"\u65e0"}]},{"name":"291","size":5,"usertype":1,"pseid":290,"children":[{"name":874,"size":6,"pseid":"\u65e0"},{"name":875,"size":6,"pseid":"\u65e0"},{"name":876,"size":6,"pseid":"\u65e0"}]}]}]},{"name":"32","size":3,"usertype":1,"pseid":28,"children":[{"name":"97","size":4,"usertype":1,"pseid":6,"children":[{"name":"292","size":5,"usertype":1,"pseid":290,"children":[{"name":"877","size":6,"usertype":2,"pseid":395,"children":[{"name":2632,"size":7,"pseid":"\u65e0"},{"name":2633,"size":7,"pseid":"\u65e0"},{"name":2634,"size":7,"pseid":"\u65e0"}]},{"name":878,"size":6,"pseid":"\u65e0"},{"name":879,"size":6,"pseid":"\u65e0"}]},{"name":"293","size":5,"usertype":1,"pseid":290,"children":[{"name":"880","size":6,"usertype":1,"pseid":431,"children":[{"name":2641,"size":7,"pseid":"\u65e0"},{"name":2642,"size":7,"pseid":"\u65e0"},{"name":2643,"size":7,"pseid":"\u65e0"}]},{"name":881,"size":6,"pseid":"\u65e0"},{"name":882,"size":6,"pseid":"\u65e0"}]},{"name":"294","size":5,"usertype":1,"pseid":203,"children":[{"name":883,"size":6,"pseid":"\u65e0"},{"name":884,"size":6,"pseid":"\u65e0"},{"name":885,"size":6,"pseid":"\u65e0"}]}]},{"name":"98","size":4,"usertype":1,"pseid":6,"children":[{"name":"295","size":5,"usertype":1,"pseid":6,"children":[{"name":"886","size":6,"usertype":1,"pseid":643,"children":[{"name":2659,"size":7,"pseid":"\u65e0"},{"name":2660,"size":7,"pseid":"\u65e0"},{"name":2661,"size":7,"pseid":"\u65e0"}]},{"name":887,"size":6,"pseid":"\u65e0"},{"name":888,"size":6,"pseid":"\u65e0"}]},{"name":"296","size":5,"usertype":1,"pseid":234,"children":[{"name":"889","size":6,"usertype":1,"pseid":480,"children":[{"name":2668,"size":7,"pseid":"\u65e0"},{"name":2669,"size":7,"pseid":"\u65e0"},{"name":2670,"size":7,"pseid":"\u65e0"}]},{"name":890,"size":6,"pseid":"\u65e0"},{"name":891,"size":6,"pseid":"\u65e0"}]},{"name":"297","size":5,"usertype":1,"pseid":234,"children":[{"name":892,"size":6,"pseid":"\u65e0"},{"name":893,"size":6,"pseid":"\u65e0"},{"name":894,"size":6,"pseid":"\u65e0"}]}]},{"name":"99","size":4,"usertype":1,"pseid":6,"children":[{"name":"298","size":5,"usertype":1,"pseid":234,"children":[{"name":"895","size":6,"usertype":1,"pseid":652,"children":[{"name":2686,"size":7,"pseid":"\u65e0"},{"name":2687,"size":7,"pseid":"\u65e0"},{"name":2688,"size":7,"pseid":"\u65e0"}]},{"name":896,"size":6,"pseid":"\u65e0"},{"name":897,"size":6,"pseid":"\u65e0"}]},{"name":"299","size":5,"usertype":1,"pseid":203,"children":[{"name":"898","size":6,"usertype":2,"pseid":376,"children":[{"name":2695,"size":7,"pseid":"\u65e0"},{"name":2696,"size":7,"pseid":"\u65e0"},{"name":2697,"size":7,"pseid":"\u65e0"}]},{"name":899,"size":6,"pseid":"\u65e0"},{"name":900,"size":6,"pseid":"\u65e0"}]},{"name":"300","size":5,"usertype":1,"pseid":158,"children":[{"name":901,"size":6,"pseid":"\u65e0"},{"name":902,"size":6,"pseid":"\u65e0"},{"name":903,"size":6,"pseid":"\u65e0"}]}]}]},{"name":"33","size":3,"usertype":1,"pseid":7,"children":[{"name":"100","size":4,"usertype":1,"pseid":6,"children":[{"name":"301","size":5,"usertype":1,"pseid":158,"children":[{"name":"904","size":6,"usertype":1,"pseid":877,"children":[{"name":2713,"size":7,"pseid":"\u65e0"},{"name":2714,"size":7,"pseid":"\u65e0"},{"name":2715,"size":7,"pseid":"\u65e0"}]},{"name":905,"size":6,"pseid":"\u65e0"},{"name":906,"size":6,"pseid":"\u65e0"}]},{"name":"302","size":5,"usertype":1,"pseid":47,"children":[{"name":"907","size":6,"usertype":1,"pseid":431,"children":[{"name":2722,"size":7,"pseid":"\u65e0"},{"name":2723,"size":7,"pseid":"\u65e0"},{"name":2724,"size":7,"pseid":"\u65e0"}]},{"name":908,"size":6,"pseid":"\u65e0"},{"name":909,"size":6,"pseid":"\u65e0"}]},{"name":"303","size":5,"usertype":1,"pseid":275,"children":[{"name":910,"size":6,"pseid":"\u65e0"},{"name":911,"size":6,"pseid":"\u65e0"},{"name":912,"size":6,"pseid":"\u65e0"}]}]},{"name":"101","size":4,"usertype":1,"pseid":9,"children":[{"name":"304","size":5,"usertype":1,"pseid":96,"children":[{"name":"913","size":6,"usertype":1,"pseid":643,"children":[{"name":2740,"size":7,"pseid":"\u65e0"},{"name":2741,"size":7,"pseid":"\u65e0"},{"name":2742,"size":7,"pseid":"\u65e0"}]},{"name":914,"size":6,"pseid":"\u65e0"},{"name":915,"size":6,"pseid":"\u65e0"}]},{"name":"305","size":5,"usertype":1,"pseid":11,"children":[{"name":"916","size":6,"usertype":1,"pseid":480,"children":[{"name":2749,"size":7,"pseid":"\u65e0"},{"name":2750,"size":7,"pseid":"\u65e0"},{"name":2751,"size":7,"pseid":"\u65e0"}]},{"name":917,"size":6,"pseid":"\u65e0"},{"name":918,"size":6,"pseid":"\u65e0"}]},{"name":"306","size":5,"usertype":1,"pseid":297,"children":[{"name":919,"size":6,"pseid":"\u65e0"},{"name":920,"size":6,"pseid":"\u65e0"},{"name":921,"size":6,"pseid":"\u65e0"}]}]},{"name":"102","size":4,"usertype":1,"pseid":9,"children":[{"name":"307","size":5,"usertype":3,"pseid":298,"children":[{"name":"922","size":6,"usertype":1,"pseid":652,"children":[{"name":2767,"size":7,"pseid":"\u65e0"},{"name":2768,"size":7,"pseid":"\u65e0"},{"name":2769,"size":7,"pseid":"\u65e0"}]},{"name":923,"size":6,"pseid":"\u65e0"},{"name":924,"size":6,"pseid":"\u65e0"}]},{"name":"308","size":5,"usertype":3,"pseid":298,"children":[{"name":925,"size":6,"pseid":"\u65e0"},{"name":926,"size":6,"pseid":"\u65e0"},{"name":927,"size":6,"pseid":"\u65e0"}]},{"name":"309","size":5,"usertype":1,"pseid":297,"children":[{"name":928,"size":6,"pseid":"\u65e0"},{"name":929,"size":6,"pseid":"\u65e0"},{"name":930,"size":6,"pseid":"\u65e0"}]}]}]}]},{"name":"11","size":2,"usertype":3,"pseid":"\u516c\u53f8\u7ba1\u7406\u5458","children":[{"name":"34","size":3,"usertype":1,"pseid":28,"children":[{"name":"103","size":4,"usertype":1,"pseid":9,"children":[{"name":"310","size":5,"usertype":3,"pseid":298,"children":[{"name":"931","size":6,"usertype":1,"pseid":608,"children":[{"name":2794,"size":7,"pseid":"\u65e0"},{"name":2795,"size":7,"pseid":"\u65e0"},{"name":2796,"size":7,"pseid":"\u65e0"}]},{"name":932,"size":6,"pseid":"\u65e0"},{"name":933,"size":6,"pseid":"\u65e0"}]},{"name":"311","size":5,"usertype":1,"pseid":309,"children":[{"name":"934","size":6,"usertype":1,"pseid":751,"children":[{"name":2803,"size":7,"pseid":"\u65e0"},{"name":2804,"size":7,"pseid":"\u65e0"},{"name":2805,"size":7,"pseid":"\u65e0"}]},{"name":935,"size":6,"pseid":"\u65e0"},{"name":936,"size":6,"pseid":"\u65e0"}]},{"name":"312","size":5,"usertype":1,"pseid":203,"children":[{"name":937,"size":6,"pseid":"\u65e0"},{"name":938,"size":6,"pseid":"\u65e0"},{"name":939,"size":6,"pseid":"\u65e0"}]}]},{"name":"104","size":4,"usertype":1,"pseid":3,"children":[{"name":"313","size":5,"usertype":1,"pseid":203,"children":[{"name":"940","size":6,"usertype":1,"pseid":985,"children":[{"name":2821,"size":7,"pseid":"\u65e0"},{"name":2822,"size":7,"pseid":"\u65e0"},{"name":2823,"size":7,"pseid":"\u65e0"}]},{"name":941,"size":6,"pseid":"\u65e0"},{"name":942,"size":6,"pseid":"\u65e0"}]},{"name":"314","size":5,"usertype":1,"pseid":203,"children":[{"name":"943","size":6,"usertype":1,"pseid":1069,"children":[{"name":2830,"size":7,"pseid":"\u65e0"},{"name":2831,"size":7,"pseid":"\u65e0"},{"name":2832,"size":7,"pseid":"\u65e0"}]},{"name":944,"size":6,"pseid":"\u65e0"},{"name":945,"size":6,"pseid":"\u65e0"}]},{"name":"315","size":5,"usertype":1,"pseid":203,"children":[{"name":946,"size":6,"pseid":"\u65e0"},{"name":947,"size":6,"pseid":"\u65e0"},{"name":948,"size":6,"pseid":"\u65e0"}]}]},{"name":"105","size":4,"usertype":1,"pseid":104,"children":[{"name":"316","size":5,"usertype":1,"pseid":203,"children":[{"name":"949","size":6,"usertype":1,"pseid":589,"children":[{"name":2848,"size":7,"pseid":"\u65e0"},{"name":2849,"size":7,"pseid":"\u65e0"},{"name":2850,"size":7,"pseid":"\u65e0"}]},{"name":950,"size":6,"pseid":"\u65e0"},{"name":951,"size":6,"pseid":"\u65e0"}]},{"name":"317","size":5,"usertype":1,"pseid":203,"children":[{"name":"952","size":6,"usertype":1,"pseid":1069,"children":[{"name":2857,"size":7,"pseid":"\u65e0"},{"name":2858,"size":7,"pseid":"\u65e0"},{"name":2859,"size":7,"pseid":"\u65e0"}]},{"name":953,"size":6,"pseid":"\u65e0"},{"name":954,"size":6,"pseid":"\u65e0"}]},{"name":"318","size":5,"usertype":1,"pseid":211,"children":[{"name":955,"size":6,"pseid":"\u65e0"},{"name":956,"size":6,"pseid":"\u65e0"},{"name":957,"size":6,"pseid":"\u65e0"}]}]}]},{"name":"35","size":3,"usertype":3,"pseid":23,"children":[{"name":"106","size":4,"usertype":1,"pseid":104,"children":[{"name":"319","size":5,"usertype":1,"pseid":211,"children":[{"name":"958","size":6,"usertype":1,"pseid":877,"children":[{"name":2875,"size":7,"pseid":"\u65e0"},{"name":2876,"size":7,"pseid":"\u65e0"},{"name":2877,"size":7,"pseid":"\u65e0"}]},{"name":959,"size":6,"pseid":"\u65e0"},{"name":960,"size":6,"pseid":"\u65e0"}]},{"name":"320","size":5,"usertype":1,"pseid":211,"children":[{"name":"961","size":6,"usertype":1,"pseid":431,"children":[{"name":2884,"size":7,"pseid":"\u65e0"},{"name":2885,"size":7,"pseid":"\u65e0"},{"name":2886,"size":7,"pseid":"\u65e0"}]},{"name":962,"size":6,"pseid":"\u65e0"},{"name":963,"size":6,"pseid":"\u65e0"}]},{"name":"321","size":5,"usertype":1,"pseid":211,"children":[{"name":964,"size":6,"pseid":"\u65e0"},{"name":965,"size":6,"pseid":"\u65e0"},{"name":966,"size":6,"pseid":"\u65e0"}]}]},{"name":"107","size":4,"usertype":2,"pseid":1,"children":[{"name":"322","size":5,"usertype":1,"pseid":211,"children":[{"name":"967","size":6,"usertype":1,"pseid":643,"children":[{"name":2902,"size":7,"pseid":"\u65e0"},{"name":2903,"size":7,"pseid":"\u65e0"},{"name":2904,"size":7,"pseid":"\u65e0"}]},{"name":968,"size":6,"pseid":"\u65e0"},{"name":969,"size":6,"pseid":"\u65e0"}]},{"name":"323","size":5,"usertype":1,"pseid":37,"children":[{"name":"970","size":6,"usertype":1,"pseid":480,"children":[{"name":2911,"size":7,"pseid":"\u65e0"},{"name":2912,"size":7,"pseid":"\u65e0"},{"name":2913,"size":7,"pseid":"\u65e0"}]},{"name":971,"size":6,"pseid":"\u65e0"},{"name":972,"size":6,"pseid":"\u65e0"}]},{"name":"324","size":5,"usertype":1,"pseid":37,"children":[{"name":973,"size":6,"pseid":"\u65e0"},{"name":974,"size":6,"pseid":"\u65e0"},{"name":975,"size":6,"pseid":"\u65e0"}]}]},{"name":"108","size":4,"usertype":2,"pseid":107,"children":[{"name":"325","size":5,"usertype":1,"pseid":37,"children":[{"name":"976","size":6,"usertype":1,"pseid":652,"children":[{"name":2929,"size":7,"pseid":"\u65e0"},{"name":2930,"size":7,"pseid":"\u65e0"},{"name":2931,"size":7,"pseid":"\u65e0"}]},{"name":977,"size":6,"pseid":"\u65e0"},{"name":978,"size":6,"pseid":"\u65e0"}]},{"name":"326","size":5,"usertype":1,"pseid":187,"children":[{"name":979,"size":6,"pseid":"\u65e0"},{"name":980,"size":6,"pseid":"\u65e0"},{"name":981,"size":6,"pseid":"\u65e0"}]},{"name":"327","size":5,"usertype":1,"pseid":187,"children":[{"name":982,"size":6,"pseid":"\u65e0"},{"name":983,"size":6,"pseid":"\u65e0"},{"name":984,"size":6,"pseid":"\u65e0"}]}]}]},{"name":"36","size":3,"usertype":1,"pseid":23,"children":[{"name":"109","size":4,"usertype":2,"pseid":108,"children":[{"name":"328","size":5,"usertype":1,"pseid":187,"children":[{"name":"985","size":6,"usertype":2,"pseid":395,"children":[{"name":2956,"size":7,"pseid":"\u65e0"},{"name":2957,"size":7,"pseid":"\u65e0"},{"name":2958,"size":7,"pseid":"\u65e0"}]},{"name":986,"size":6,"pseid":"\u65e0"},{"name":987,"size":6,"pseid":"\u65e0"}]},{"name":"329","size":5,"usertype":1,"pseid":187,"children":[{"name":"988","size":6,"usertype":3,"pseid":11,"children":[{"name":2965,"size":7,"pseid":"\u65e0"},{"name":2966,"size":7,"pseid":"\u65e0"},{"name":2967,"size":7,"pseid":"\u65e0"}]},{"name":989,"size":6,"pseid":"\u65e0"},{"name":990,"size":6,"pseid":"\u65e0"}]},{"name":"330","size":5,"usertype":1,"pseid":187,"children":[{"name":991,"size":6,"pseid":"\u65e0"},{"name":992,"size":6,"pseid":"\u65e0"},{"name":993,"size":6,"pseid":"\u65e0"}]}]},{"name":"110","size":4,"usertype":1,"pseid":19,"children":[{"name":"331","size":5,"usertype":1,"pseid":187,"children":[{"name":"994","size":6,"usertype":1,"pseid":395,"children":[{"name":2983,"size":7,"pseid":"\u65e0"},{"name":2984,"size":7,"pseid":"\u65e0"},{"name":2985,"size":7,"pseid":"\u65e0"}]},{"name":995,"size":6,"pseid":"\u65e0"},{"name":996,"size":6,"pseid":"\u65e0"}]},{"name":"332","size":5,"usertype":1,"pseid":187,"children":[{"name":"997","size":6,"usertype":1,"pseid":1054,"children":[{"name":2992,"size":7,"pseid":"\u65e0"},{"name":2993,"size":7,"pseid":"\u65e0"},{"name":2994,"size":7,"pseid":"\u65e0"}]},{"name":998,"size":6,"pseid":"\u65e0"},{"name":999,"size":6,"pseid":"\u65e0"}]},{"name":"333","size":5,"usertype":1,"pseid":187,"children":[{"name":1000,"size":6,"pseid":"\u65e0"},{"name":1001,"size":6,"pseid":"\u65e0"},{"name":1002,"size":6,"pseid":"\u65e0"}]}]},{"name":"111","size":4,"usertype":1,"pseid":19,"children":[{"name":"334","size":5,"usertype":1,"pseid":187,"children":[{"name":"1003","size":6,"usertype":1,"pseid":275,"children":[{"name":3010,"size":7,"pseid":"\u65e0"},{"name":3011,"size":7,"pseid":"\u65e0"},{"name":3012,"size":7,"pseid":"\u65e0"}]},{"name":1004,"size":6,"pseid":"\u65e0"},{"name":1005,"size":6,"pseid":"\u65e0"}]},{"name":"335","size":5,"usertype":1,"pseid":187,"children":[{"name":"1006","size":6,"usertype":1,"pseid":5,"children":[{"name":3019,"size":7,"pseid":"\u65e0"},{"name":3020,"size":7,"pseid":"\u65e0"},{"name":3021,"size":7,"pseid":"\u65e0"}]},{"name":1007,"size":6,"pseid":"\u65e0"},{"name":1008,"size":6,"pseid":"\u65e0"}]},{"name":"336","size":5,"usertype":1,"pseid":167,"children":[{"name":1009,"size":6,"pseid":"\u65e0"},{"name":1010,"size":6,"pseid":"\u65e0"},{"name":1011,"size":6,"pseid":"\u65e0"}]}]}]}]},{"name":"12","size":2,"usertype":3,"pseid":"\u516c\u53f8\u7ba1\u7406\u5458","children":[{"name":"37","size":3,"usertype":2,"pseid":23,"children":[{"name":"112","size":4,"usertype":1,"pseid":19,"children":[{"name":"337","size":5,"usertype":1,"pseid":187,"children":[{"name":"1012","size":6,"usertype":1,"pseid":230,"children":[{"name":3037,"size":7,"pseid":"\u65e0"},{"name":3038,"size":7,"pseid":"\u65e0"},{"name":3039,"size":7,"pseid":"\u65e0"}]},{"name":1013,"size":6,"pseid":"\u65e0"},{"name":1014,"size":6,"pseid":"\u65e0"}]},{"name":"338","size":5,"usertype":1,"pseid":323,"children":[{"name":"1015","size":6,"usertype":1,"pseid":256,"children":[{"name":3046,"size":7,"pseid":"\u65e0"},{"name":3047,"size":7,"pseid":"\u65e0"},{"name":3048,"size":7,"pseid":"\u65e0"}]},{"name":1016,"size":6,"pseid":"\u65e0"},{"name":1017,"size":6,"pseid":"\u65e0"}]},{"name":"339","size":5,"usertype":1,"pseid":187,"children":[{"name":1018,"size":6,"pseid":"\u65e0"},{"name":1019,"size":6,"pseid":"\u65e0"},{"name":1020,"size":6,"pseid":"\u65e0"}]}]},{"name":"113","size":4,"usertype":1,"pseid":19,"children":[{"name":"340","size":5,"usertype":3,"pseid":152,"children":[{"name":"1021","size":6,"usertype":1,"pseid":985,"children":[{"name":3064,"size":7,"pseid":"\u65e0"},{"name":3065,"size":7,"pseid":"\u65e0"},{"name":3066,"size":7,"pseid":"\u65e0"}]},{"name":1022,"size":6,"pseid":"\u65e0"},{"name":1023,"size":6,"pseid":"\u65e0"}]},{"name":"341","size":5,"usertype":1,"pseid":11,"children":[{"name":"1024","size":6,"usertype":1,"pseid":1069,"children":[{"name":3073,"size":7,"pseid":"\u65e0"},{"name":3074,"size":7,"pseid":"\u65e0"},{"name":3075,"size":7,"pseid":"\u65e0"}]},{"name":1025,"size":6,"pseid":"\u65e0"},{"name":1026,"size":6,"pseid":"\u65e0"}]},{"name":"342","size":5,"usertype":1,"pseid":16,"children":[{"name":1027,"size":6,"pseid":"\u65e0"},{"name":1028,"size":6,"pseid":"\u65e0"},{"name":1029,"size":6,"pseid":"\u65e0"}]}]},{"name":"114","size":4,"usertype":1,"pseid":19,"children":[{"name":"343","size":5,"usertype":1,"pseid":11,"children":[{"name":"1030","size":6,"usertype":1,"pseid":589,"children":[{"name":3091,"size":7,"pseid":"\u65e0"},{"name":3092,"size":7,"pseid":"\u65e0"},{"name":3093,"size":7,"pseid":"\u65e0"}]},{"name":1031,"size":6,"pseid":"\u65e0"},{"name":1032,"size":6,"pseid":"\u65e0"}]},{"name":"344","size":5,"usertype":3,"pseid":11,"children":[{"name":"1033","size":6,"usertype":1,"pseid":4,"children":[{"name":3100,"size":7,"pseid":"\u65e0"},{"name":3101,"size":7,"pseid":"\u65e0"},{"name":3102,"size":7,"pseid":"\u65e0"}]},{"name":1034,"size":6,"pseid":"\u65e0"},{"name":1035,"size":6,"pseid":"\u65e0"}]},{"name":"345","size":5,"usertype":2,"pseid":11,"children":[{"name":1036,"size":6,"pseid":"\u65e0"},{"name":1037,"size":6,"pseid":"\u65e0"},{"name":1038,"size":6,"pseid":"\u65e0"}]}]}]},{"name":"38","size":3,"usertype":3,"pseid":23,"children":[{"name":"115","size":4,"usertype":1,"pseid":19,"children":[{"name":"346","size":5,"usertype":2,"pseid":11,"children":[{"name":"1039","size":6,"usertype":1,"pseid":877,"children":[{"name":3118,"size":7,"pseid":"\u65e0"},{"name":3119,"size":7,"pseid":"\u65e0"},{"name":3120,"size":7,"pseid":"\u65e0"}]},{"name":1040,"size":6,"pseid":"\u65e0"},{"name":1041,"size":6,"pseid":"\u65e0"}]},{"name":"347","size":5,"usertype":1,"pseid":275,"children":[{"name":"1042","size":6,"usertype":1,"pseid":431,"children":[{"name":3127,"size":7,"pseid":"\u65e0"},{"name":3128,"size":7,"pseid":"\u65e0"},{"name":3129,"size":7,"pseid":"\u65e0"}]},{"name":1043,"size":6,"pseid":"\u65e0"},{"name":1044,"size":6,"pseid":"\u65e0"}]},{"name":"348","size":5,"usertype":1,"pseid":275,"children":[{"name":1045,"size":6,"pseid":"\u65e0"},{"name":1046,"size":6,"pseid":"\u65e0"},{"name":1047,"size":6,"pseid":"\u65e0"}]}]},{"name":"116","size":4,"usertype":1,"pseid":19,"children":[{"name":"349","size":5,"usertype":1,"pseid":275,"children":[{"name":"1048","size":6,"usertype":1,"pseid":643,"children":[{"name":3145,"size":7,"pseid":"\u65e0"},{"name":3146,"size":7,"pseid":"\u65e0"},{"name":3147,"size":7,"pseid":"\u65e0"}]},{"name":1049,"size":6,"pseid":"\u65e0"},{"name":1050,"size":6,"pseid":"\u65e0"}]},{"name":"350","size":5,"usertype":1,"pseid":275,"children":[{"name":"1051","size":6,"usertype":1,"pseid":480,"children":[{"name":3154,"size":7,"pseid":"\u65e0"},{"name":3155,"size":7,"pseid":"\u65e0"},{"name":3156,"size":7,"pseid":"\u65e0"}]},{"name":1052,"size":6,"pseid":"\u65e0"},{"name":1053,"size":6,"pseid":"\u65e0"}]},{"name":"351","size":5,"usertype":1,"pseid":275,"children":[{"name":"1054","size":6,"usertype":2,"pseid":480,"children":[{"name":3163,"size":7,"pseid":"\u65e0"},{"name":3164,"size":7,"pseid":"\u65e0"},{"name":3165,"size":7,"pseid":"\u65e0"}]},{"name":1055,"size":6,"pseid":"\u65e0"},{"name":1056,"size":6,"pseid":"\u65e0"}]}]},{"name":"117","size":4,"usertype":1,"pseid":19,"children":[{"name":"352","size":5,"usertype":1,"pseid":18,"children":[{"name":"1057","size":6,"usertype":1,"pseid":652,"children":[{"name":3172,"size":7,"pseid":"\u65e0"},{"name":3173,"size":7,"pseid":"\u65e0"},{"name":3174,"size":7,"pseid":"\u65e0"}]},{"name":1058,"size":6,"pseid":"\u65e0"},{"name":1059,"size":6,"pseid":"\u65e0"}]},{"name":"353","size":5,"usertype":1,"pseid":352,"children":[{"name":1060,"size":6,"pseid":"\u65e0"},{"name":1061,"size":6,"pseid":"\u65e0"},{"name":1062,"size":6,"pseid":"\u65e0"}]},{"name":"354","size":5,"usertype":1,"pseid":352,"children":[{"name":"1063","size":6,"usertype":1,"pseid":1054,"children":[{"name":3190,"size":7,"pseid":"\u65e0"},{"name":3191,"size":7,"pseid":"\u65e0"},{"name":3192,"size":7,"pseid":"\u65e0"}]},{"name":1064,"size":6,"pseid":"\u65e0"},{"name":1065,"size":6,"pseid":"\u65e0"}]}]}]},{"name":"39","size":3,"usertype":1,"pseid":13,"children":[{"name":"118","size":4,"usertype":1,"pseid":19,"children":[{"name":"355","size":5,"usertype":1,"pseid":352,"children":[{"name":"1066","size":6,"usertype":1,"pseid":985,"children":[{"name":3199,"size":7,"pseid":"\u65e0"},{"name":3200,"size":7,"pseid":"\u65e0"},{"name":3201,"size":7,"pseid":"\u65e0"}]},{"name":1067,"size":6,"pseid":"\u65e0"},{"name":1068,"size":6,"pseid":"\u65e0"}]},{"name":"356","size":5,"usertype":1,"pseid":352,"children":[{"name":"1069","size":6,"usertype":2,"pseid":988,"children":[{"name":3208,"size":7,"pseid":"\u65e0"},{"name":3209,"size":7,"pseid":"\u65e0"},{"name":3210,"size":7,"pseid":"\u65e0"}]},{"name":1070,"size":6,"pseid":"\u65e0"},{"name":1071,"size":6,"pseid":"\u65e0"}]},{"name":"357","size":5,"usertype":1,"pseid":352,"children":[{"name":1072,"size":6,"pseid":"\u65e0"},{"name":1073,"size":6,"pseid":"\u65e0"},{"name":1074,"size":6,"pseid":"\u65e0"}]}]},{"name":"119","size":4,"usertype":1,"pseid":19,"children":[{"name":"358","size":5,"usertype":1,"pseid":352,"children":[{"name":"1075","size":6,"usertype":1,"pseid":589,"children":[{"name":3226,"size":7,"pseid":"\u65e0"},{"name":3227,"size":7,"pseid":"\u65e0"},{"name":3228,"size":7,"pseid":"\u65e0"}]},{"name":1076,"size":6,"pseid":"\u65e0"},{"name":1077,"size":6,"pseid":"\u65e0"}]},{"name":"359","size":5,"usertype":1,"pseid":37,"children":[{"name":"1078","size":6,"usertype":1,"pseid":1054,"children":[{"name":3235,"size":7,"pseid":"\u65e0"},{"name":3236,"size":7,"pseid":"\u65e0"},{"name":3237,"size":7,"pseid":"\u65e0"}]},{"name":1079,"size":6,"pseid":"\u65e0"},{"name":1080,"size":6,"pseid":"\u65e0"}]},{"name":"360","size":5,"usertype":1,"pseid":211,"children":[{"name":1081,"size":6,"pseid":"\u65e0"},{"name":1082,"size":6,"pseid":"\u65e0"},{"name":1083,"size":6,"pseid":"\u65e0"}]}]},{"name":"120","size":4,"usertype":1,"pseid":15,"children":[{"name":"361","size":5,"usertype":1,"pseid":19,"children":[{"name":"1084","size":6,"usertype":1,"pseid":245,"children":[{"name":3253,"size":7,"pseid":"\u65e0"},{"name":3254,"size":7,"pseid":"\u65e0"},{"name":3255,"size":7,"pseid":"\u65e0"}]},{"name":1085,"size":6,"pseid":"\u65e0"},{"name":1086,"size":6,"pseid":"\u65e0"}]},{"name":"362","size":5,"usertype":1,"pseid":239,"children":[{"name":1087,"size":6,"pseid":"\u65e0"},{"name":1088,"size":6,"pseid":"\u65e0"},{"name":1089,"size":6,"pseid":"\u65e0"}]},{"name":"363","size":5,"usertype":1,"pseid":245,"children":[{"name":1090,"size":6,"pseid":"\u65e0"},{"name":1091,"size":6,"pseid":"\u65e0"},{"name":1092,"size":6,"pseid":"\u65e0"}]}]}]}]}]}]}